Gene,Sequence,Label
ACCSL,MSHRSDTLPVPSGQRRGRVPRDHSIYTQLLEITLHLQQAMTEHFVQLTSRQGLSLEERRHTEAICEHEALLSRLICRMINLLQSGAASGLELQVPLPSEDSRGDVRYGQRAQLSGQPDPVPQLSDCEAAFVNRDLSIRGIDISVFYQSSFQDYNAYQKDKYHKDKNTLGFINLGTSENKLCMDLMTERLQESDMNCIEDTLLQYPDWRGQPFLREEVARFLTYYCRAPTRLDPENVVVLNGCCSVFCALAMVLCDPGEAFLVPAPFYGGFAFSSRLYAKVELIPVHLESEVTVTNTHPFQLTVDKLEEALLEARLEGKKVRGLVLINPQNPLGDIYSPDSLMKYLEFAKRYNLHVIIDEIYMLSVFDESITFHSILSMKSLPDSNRTHVIWGTSKDFGISGFRFGALYTHNKEVASAVSAFGYLHSISGITQHKLCQLLQNTEWIDKVYLPTNCYRLREAHKYITAELKALEIPFHNRSSGLYVWINLKKYLDPCTFEEERLLYCRFLDNKLLLSRGKTYMCKEPGWFCLIFADELPRLKLAMRRFCDVLQEQKEALIVKQLEDAMRE,0
AMIGO1,MHPHRDPRGLWLLLPSLSLLLFEVARAGRAVVSCPAACLCASNILSCSKQQLPNVPHSLPSYTALLDLSHNNLSRLRAEWTPTRLTQLHSLLLSHNHLNFISSEAFSPVPNLRYLDLSSNQLRTLDEFLFSDLQVLEVLLLYNNHIMAVDRCAFDDMAQLQKLYLSQNQISRFPLELVKEGAKLPKLTLLDLSSNKLKNLPLPDLQKLPAWIKNGLYLHNNPLNCDCELYQLFSHWQYRQLSSVMDFQEDLYCMNSKKLHNVFNLSFLNCGEYKERAWEAHLGDTLIIKCDTKQQGMTKVWVTPSNERVLDEVTNGTVSVSKDGSLLFQQVQVEDGGVYTCYAMGETFNETLSVELKVHNFTLHGHHDTLNTAYTTLVGCILSVVLVLIYLYLTPCRCWCRGVEKPSSHQGDSLSSSMLSTTPNHDPMAGGDKDDGFDRRVAFLEPAGPGQGQNGKLKPGNTLPVPEATGKGQRRMSDPESVSSVFSDTPIVV,0
ANKRD60,MTRGRAWGMRRAAAGAGGARAAGPTGGASRLHPNAGRRSGARAGAQGCGGPRVGSADSRALPAQPLACARGRSQRLVCDPKAASALPDLAPDVFVLRVRLEETGEMFRVANCRGDMTVRELKEELDLMVGIPFNLQRLQYLDEGVLMDDTTLKFHDVVPGGIISLCIWHHDGWTELVLAAVEGDPSKLSCLGLTEDSFYRTANSEHFEGEKWKHWTSQRAFVALYVASHRGHFDAVQYLLEHGASCLSRSPLGRTPLHVAAAMGRSDCIILLLQHGASIHDRDAKGETPISIAHRLNHTLSERQMVLLHRIAKSGIRDLNDLVMKNALQRVKSGFRSEKMTMTPH,0
AOAH,MQSPWKILTVAPLFLLLSLQSSASPANDDQSRPSLSNGHTCVGCVLVVSVIEQLAQVHNSTVQASMERLCSYLPEKLFLKTTCYLVIDKFGSDIIKLLSADMNADVVCHTLEFCKQNTGQPLCHLYPLPKETWKFTLQKARQIVKKSPILKYSRSGSDICSLPVLAKICQKIKLAMEQSVPFKDVDSDKYSVFPTLRGYHWRGRDCNDSDESVYPGRRPNNWDVHQDSNCNGIWGVDPKDGVPYEKKFCEGSQPRGIILLGDSAGAHFHISPEWITASQMSLNSFINLPTALTNELDWPQLSGATGFLDSTVGIKEKSIYLRLWKRNHCNHRDYQNISRNGASSRNLKKFIESLSRNKVLDYPAIVIYAMIGNDVCSGKSDPVPAMTTPEKLYSNVMQTLKHLNSHLPNGSHVILYGLPDGTFLWDNLHNRYHPLGQLNKDMTYAQLYSFLNCLQVSPCHGWMSSNKTLRTLTSERAEQLSNTLKKIAASEKFTNFNLFYMDFAFHEIIQEWQKRGGQPWQLIEPVDGFHPNEVALLLLADHFWKKVQLQWPQILGKENPFNPQIKQVFGDQGGH,0
AOC3,MNQKTILVLLILAVITIFALVCVLLVGRGGDGGEPSQLPHCPSVSPSAQPWTHPGQSQLFADLSREELTAVMRFLTQRLGPGLVDAAQARPSDNCVFSVELQLPPKAAALAHLDRGSPPPAREALAIVFFGRQPQPNVSELVVGPLPHPSYMRDVTVERHGGPLPYHRRPVLFQEYLDIDQMIFNRELPQASGLLHHCCFYKHRGRNLVTMTTAPRGLQSGDRATWFGLYYNISGAGFFLHHVGLELLVNHKALDPARWTIQKVFYQGRYYDSLAQLEAQFEAGLVNVVLIPDNGTGGSWSLKSPVPPGPAPPLQFYPQGPRFSVQGSRVASSLWTFSFGLGAFSGPRIFDVRFQGERLVYEISLQEALAIYGGNSPAAMTTRYVDGGFGMGKYTTPLTRGVDCPYLATYVDWHFLLESQAPKTIRDAFCVFEQNQGLPLRRHHSDLYSHYFGGLAETVLVVRSMSTLLNYDYVWDTVFHPSGAIEIRFYATGYISSAFLFGATGKYGNQVSEHTLGTVHTHSAHFKVDLDVAGLENWVWAEDMVFVPMAVPWSPEHQLQRLQVTRKLLEMEEQAAFLVGSATPRYLYLASNHSNKWGHPRGYRIQMLSFAGEPLPQNSSMARGFSWERYQLAVTQRKEEEPSSSSVFNQNDPWAPTVDFSDFINNETIAGKDLVAWVTAGFLHIPHAEDIPNTVTVGNGVGFFLRPYNFFDEDPSFYSADSIYFRGDQDAGACEVNPLACLPQAAACAPDLPAFSHGGFSHN,0
AP1G1,MPAPIRLRELIRTIRTARTQAEEREMIQKECAAIRSSFREEDNTYRCRNVAKLLYMHMLGYPAHFGQLECLKLIASQKFTDKRIGYLGAMLLLDERQDVHLLMTNCIKNDLNHSTQFVQGLALCTLGCMGSSEMCRDLAGEVEKLLKTSNSYLRKKAALCAVHVIRKVPELMEMFLPATKNLLNEKNHGVLHTSVVLLTEMCERSPDMLAHFRKLVPQLVRILKNLIMSGYSPEHDVSGISDPFLQVRILRLLRILGRNDDDSSEAMNDILAQVATNTETSKNVGNAILYETVLTIMDIKSESGLRVLAINILGRFLLNNDKNIRYVALTSLLKTVQTDHNAVQRHRSTIVDCLKDLDVSIKRRAMELSFALVNGNNIRGMMKELLYFLDSCEPEFKADCASGIFLAAEKYAPSKRWHIDTIMRVLTTAGSYVRDDAVPNLIQLITNSVEMHAYTVQRLYKAILGDYSQQPLVQVAAWCIGEYGDLLVSGQCEEEEPIQVTEDEVLDILESVLISNMSTSVTRGYALTAIMKLSTRFTCTVNRIKKVVSIYGSSIDVELQQRAVEYNALFKKYDHMRSALLERMPVMEKVTTNGPTEIVQTNGETEPAPLETKPPPSGPQPTSQANDLLDLLGGNDITPVIPTAPTSKPSSAGGELLDLLGDINLTGAPAAAPAPASVPQISQPPFLLDGLSSQPLFNDIAAGIPSITAYSKNGLKIEFTFERSNTNPSVTVITIQASNSTELDMTDFVFQAAVPKTFQLQLLSPSSSIVPAFNTGTITQVIKVLNPQKQQLRMRIKLTYNHKGSAMQDLAEVNNFPPQSWQ,0
APCS,MNKPLLWISVLTSLLEAFAHTDLSGKVFVFPRESVTDHVNLITPLEKPLQNFTLCFRAYSDLSRAYSLFSYNTQGRDNELLVYKERVGEYSLYIGRHKVTSKVIEKFPAPVHICVSWESSSGIAEFWINGTPLVKKGLRQGYFVEAQPKIVLGQEQDSYGGKFDRSQSFVGEIGDLYMWDSVLPPENILSAYQGTPLPANILDWQALNYEIRGYVIIKPLVWV,0
ARHGAP26,MGLPALEFSDCCLDSPHFRETLKSHEAELDKTNKFIKELIKDGKSLISALKNLSSAKRKFADSLNEFKFQCIGDAETDDEMCIARSLQEFATVLRNLEDERIRMIENASEVLITPLEKFRKEQIGAAKEAKKKYDKETEKYCGILEKHLNLSSKKKESQLQEADSQVDLVRQHFYEVSLEYVFKVQEVQERKMFEFVEPLLAFLQGLFTFYHHGYELAKDFGDFKTQLTISIQNTRNRFEGTRSEVESLMKKMKENPLEHKTISPYTMEGYLYVQEKRHFGTSWVKHYCTYQRDSKQITMVPFDQKSGGKGGEDESVILKSCTRRKTDSIEKRFCFDVEAVDRPGVITMQALSEEDRRLWMEAMDGREPVYNSNKDSQSEGTAQLDSIGFSIIRKCIHAVETRGINEQGLYRIVGVNSRVQKLLSVLMDPKTASETETDICAEWEIKTITSALKTYLRMLPGPLMMYQFQRSFIKAAKLENQESRVSEIHSLVHRLPEKNRQMLQLLMNHLANVANNHKQNLMTVANLGVVFGPTLLRPQEETVAAIMDIKFQNIVIEILIENHEKIFNTVPDMPLTNAQLHLSRKKSSDSKPPSCSERPLTLFHTVQSTEKQEQRNSIINSSLESVSSNPNSILNSSSSLQPNMNSSDPDLAVVKPTRPNSLPPNPSPTSPLSPSWPMFSAPSSPMPTSSTSSDSSPVRSVAGFVWFSVAAVVLSLARSSLHAVFSLLVNFVPCHPNLHLLFDRPEEAVHEDSSTPFRKAKALYACKAEHDSELSFTAGTVFDNVHPSQEPGWLEGTLNGKTGLIPENYVEFL,0
ARHGAP33,MVARSTDSLDGPGEGSVQPLPTAGGPSVKGKPGKRLSAPRGPFPRLADCAHFHYENVDFGHIQLLLSPDREGPSLSGENELVFGVQVTCQGRSWPVLRSYDDFRSLDAHLHRCIFDRRFSCLPELPPPPEGARAAQMLVPLLLQYLETLSGLVDSNLNCGPVLTWMELDNHGRRLLLSEEASLNIPAVAAAHVIKRYTAQAPDELSFEVGDIVSVIDMPPTEDRSWWRGKRGFQVGFFPSECVELFTERPGPGLKADADGPPCGIPAPQGISSLTSAVPRPRGKLAGLLRTFMRSRPSRQRLRQRGILRQRVFGCDLGEHLSNSGQDVPQVLRCCSEFIEAHGVVDGIYRLSGVSSNIQRLRHEFDSERIPELSGPAFLQDIHSVSSLCKLYFRELPNPLLTYQLYGKFSEAMSVPGEEERLVRVHDVIQQLPPPHYRTLEYLLRHLARMARHSANTSMHARNLAIVWAPNLLRSMELESVGMGGAAAFREVRVQSVVVEFLLTHVDVLFSDTFTSAGLDPAGRCLLPRPKSLAGSCPSTRLLTLEEAQARTQGRLGTPTEPTTPKAPASPAERRKGERGEKQRKPGGSSWKTFFALGRGPSVPRKKPLPWLGGTRAPPQPSGSRPDTVTLRSAKSEESLSSQASGAGLQRLHRLRRPHSSSDAFPVGPAPAGSCESLSSSSSSESSSSESSSSSSESSAAGLGALSGSPSHRTSAWLDDGDELDFSPPRCLEGLRGLDFDPLTFRCSSPTPGDPAPPASPAPPAPASAFPPRVTPQAISPRGPTSPASPAALDISEPLAVSVPPAVLELLGAGGAPASATPTPALSPGRSLRPHLIPLLLRGAEAPLTDACQQEMCSKLRGAQGPLGPDMESPLPPPPLSLLRPGGAPPPPPKNPARLMALALAERAQQVAEQQSQQECGGTPPASQSPFHRSLSLEVGGEPLGTSGSGPPPNSLAHPGAWVPGPPPYLPRQQSDGSLLRSQRPMGTSRRGLRGPAQVSAQLRAGGGGRDAPEAAAQSPCSVPSQVPTPGFFSPAPRECLPPFLGVPKPGLYPLGPPSFQPSSPAPVWRSSLGPPAPLDRGENLYYEIGASEGSPYSGPTRSWSPFRSMPPDRLNASYGMLGQSPPLHRSPDFLLSYPPAPSCFPPDHLGYSAPQHPARRPTPPEPLYVNLALGPRGPSPASSSSSSPPAHPRSRSDPGPPVPRLPQKQRAPWGPRTPHRVPGPWGPPEPLLLYRAAPPAYGRGGELHRGSLYRNGGQRGEGAGPPPPYPTPSWSLHSEGQTRSYC,0
ARHGEF33,MEKTKTKQGENEHMPVNNPSTQIYQLQALASELKTGFTEAMQELSRIQHGEYALEEKVKSCRCSMEEKVTEMKNSLNYFKEELSNAMSMIQAITSKQEEMQQKIEQLQQEKRRESRKVKAKKTQKEEHSSQAGPAQAQGSPFRSINIPEPVLPSEDFTNLLPSQAYEKAQESRSVHVGDSNVKGMMGPGVNPTTPEAEENLKSCLSADIQSKGHLPSGMWRQPKDGKEWGEEYVTKDHPDKLKEAGQGRHSSLENVLCETSLAAKRQTVALELLESERKYVINISLILKIKATFQGSDGKRNSKERSLFPGSLRYLVQQHLDLLHALQERVLKWPRQGVLGDLFLKLTNDENNFLDYYVAYLRDLPECISLVHVVVLKEGDEEIKSDIYTLFFHIVQRIPEYLIHLQNVLKFTEQEHPDYYLLLVCVQRLRVFISHYTLLFQCNEDLLIQKRKKLKKSSMAKLYKGLASQCANAGQDASPTAGPEAVRDTGIHSEELLQPYPSAPSSGPAITHLMPPVKKSQQQQSLMESMQPGKPSDWELEGRKHERPESLLAPTQFCAAEQDVKALAGPLQAIPEMDFESSPAEPLGNVERSLRAPAELLPDARGFVPAAYEEFEYGGEIFALPAPYDEEPFQAPALFENCSPASSESSLDICFLRPVSFAMEAERPEHPLQPLPKSATSPAGSSSAYKLEAAAQAHGKAKPLSRSLKEFPRAPPADGVAPRLYSTRSSSGGRAPIKAERAAQAHGPAAAAVAARGASRTFFPQQRSQSEKQTYLEVRREMHLEDTTRFCPKEERESEQTSFSDQNPRQDQKGGFRSSFRKLFKKKNGNATGEDFCGPWGWW,0
ARSI,MHTLTGFSLVSLLSFGYLSWDWAKPSFVADGPGEAGEQPSAAPPQPPHIIFILTDDQGYHDVGYHGSDIETPTLDRLAAKGVKLENYYIQPICTPSRSQLLTGRYQIHTGLQHSIIRPQQPNCLPLDQVTLPQKLQEAGYSTHMVGKWHLGFYRKECLPTRRGFDTFLGSLTGNVDYYTYDNCDGPGVCGFDLHEGENVAWGLSGQYSTMLYAQRASHILASHSPQRPLFLYVAFQAVHTPLQSPREYLYRYRTMGNVARRKYAAMVTCMDEAVRNITWALKRYGFYNNSVIIFSSDNGGQTFSGGSNWPLRGRKGTYWEGGVRGLGFVHSPLLKRKQRTSRALMHITDWYPTLVGLAGGTTSAADGLDGYDVWPAISEGRASPRTEILHNIDPLYNHAQHGSLEGGFGIWNTAVQAAIRVGEWKLLTGDPGYGDWIPPQTLATFPGSWWNLERMASVRQAVWLFNISADPYEREDLAGQRPDVVRTLLARLAEYNRTAIPVRYPAENPRAHPDFNGGAWGPWASDEEEEEEEGRARSFSRGRRKKKCKICKLRSFFRKLNTRLMSQRI,0
BMPR1B,MLLRSAGKLNVGTKKEDGESTAPTPRPKVLRCKCHHHCPEDSVNNICSTDGYCFTMIEEDDSGLPVVTSGCLGLEGSDFQCRDTPIPHQRRSIECCTERNECNKDLHPTLPPLKNRDFVDGPIHHRALLISVTVCSLLLVLIILFCYFRYKRQETRPRYSIGLEQDETYIPPGESLRDLIEQSQSSGSGSGLPLLVQRTIAKQIQMVKQIGKGRYGEVWMGKWRGEKVAVKVFFTTEEASWFRETEIYQTVLMRHENILGFIAADIKGTGSWTQLYLITDYHENGSLYDYLKSTTLDAKSMLKLAYSSVSGLCHLHTEIFSTQGKPAIAHRDLKSKNILVKKNGTCCIADLGLAVKFISDTNEVDIPPNTRVGTKRYMPPEVLDESLNRNHFQSYIMADMYSFGLILWEVARRCVSGGIVEEYQLPYHDLVPSDPSYEDMREIVCIKKLRPSFPNRWSSDECLRQMGKLMTECWAHNPASRLTALRVKKTLAKMSESQDIKL,0
C12orf43,MAAPSGTVSDSESSNSSSDAEELERCREAAMPAWGLEQRPHVAGKPRAGAANSQLSTSQPSLRHKVNEHEQDGNELQTTPEFRAHVAKKLGALLDSFITISEAAKEPAKAKVQKVALEDDGFRLFFTSVPGGREKEESPQPRRKRQPSSSSEDSDEEWRRCREAAVSASDILQESAIHSPGTVEKEAKKKRKLKKKAKKVASVDSAVAATTPTSMATVQKQKSGELNGDQVSLGTKKKKKAKKASETSPFPPAKSATAIPAN,0
C1orf167,MTRMSCPWGSYQWEPGACPAAPRGIGGGDMAGGIPDVRGLQEAALGAGRSQEEARLVEEAQTPVMLPQDSGQRVEEVPGDLMAKRMSLILHVQKLPWDHVPCLRRTRQNLYQDVGGHAHGSGLGGAKRGAARSALRRPLPPATCRPAGIVSGPSPRLDSNPTGAHLIKQTRPLTVEWTKDTPVPEPMELRSDASHKENVSPKPAALPKPGKRLKQRRFRRSLGIGLSGRHDQWVPGCQVERGGPAATPSPGAVLDQEPCRVQTNLASPGPRLGLALKDTTGQLVNSSFWQQSNLQSLARRRQGKAREFAIQQSNLSINETSSPHLCPEPGGSSGPHKLPWGPLLSQEPLARPSSCLRQSGLPAPGTPSGDFRPTEAFAPLDGHTQPGLRSWGGLGSWRSRLVGEPLTLEDLAVPSQNQTQAPSRAAVHQLLASVHCLAQEAARLRCQAPQEPPAWGVSPKQKGEEGAPRERVHREEERTAFHLSDTVPASSASKNKAQNITAPESEAICWQLLSRCFRSWRHLVKRQREPAAAAVALGRWQLLRKCLQALWLREAQLEAAWGQYTKVLLVRSFREVSGLQVGPGGRVKQCPGSLREEEIAQRLLSHPRQRTDSRHERVQILQALQLAVFFLWCQQKKRARQERETLRKATRATQRTGSFPQAWHSTAAGVAWVAPLSPQHQRAWLCRCFGAWQQFVQRGSRYRDHLADRRTGTLRKCLEQWVRMKQLRESDGAKVTQLSLCRQKAGREAVYTAGPGACGLGAVGQAQGQQEQGRGSLQDACWTLALCWALLLWKMRLFQRQWANSFFQGLQQRMLQRSLRWWHLRALGPDATSSCTKTPSALEPLSSSTLQDSLEKVPRAPTLPDTLQGSLLWAAGQRQQGQCLLLWQARAQQFQGTARWYQHTRQRRIFLSWSRWATAQWAWRELASHRAWDRTCRAVLGLWRQRLLQSRLVEWWAQERGWRLARDALCHWHSCWQGQQFLHEKCQTWVQVHLQGLQKVVFRSWQQAAAHQRCTVTRPEQLLLQSYFQAWCEVVRDTGVLRAQHQAFQDGLRRRALGAVFATWREAQEVAAGAQEQRVAQASLARWRSCGQQGQEDGQQKKARAPQAFPAWPVAPGMHHEAQQQAGESAGAQAAQCWTWCWALWVHESCRGQVSRAHASWKPRAWVLEASVQSAVRGGVQRAILTQLRPAELRRFLRTVQLRVRLGLPGAGKTRSCWTQATELVPPAPSLQCSLGGRRKPRGTAWAQRCREHSLCPAFQLWPQWPGQSSWVPGLPLWTRDQGPRAHSSPEPRACKAQSKAHKRRLRILEKQAQAHGSALLLALKGHDALGHQEEVPAAPVPRGTASRAAGFPAGQVPGSGMAALGGCPRGRAAGADPAQGVAPEMGLADVVAADPATASGSAVTAAGRWAFKKWHQRLAARSPRRGAASSPRPWSKPGPKGPESGQEAARAPRGWGLGAEHGAQLQL,0
C4BPA,MHPPKTPSGALHRKRKMAAWPFSRLWKVSDPILFQMTLIAALLPAVLGNCGPPPTLSFAAPMDITLTETRFKTGTTLKYTCLPGYVRSHSTQTLTCNSDGEWVYNTFCIYKRCRHPGELRNGQVEIKTDLSFGSQIEFSCSEGFFLIGSTTSRCEVQDRGVGWSHPLPQCEIVKCKPPPDIRNGRHSGEENFYAYGFSVTYSCDPRFSLLGHASISCTVENETIGVWRPSPPTCEKITCRKPDVSHGEMVSGFGPIYNYKDTIVFKCQKGFVLRGSSVIHCDADSKWNPSPPACEPNSCINLPDIPHASWETYPRPTKEDVYVVGTVLRYRCHPGYKPTTDEPTTVICQKNLRWTPYQGCEALCCPEPKLNNGEITQHRKSRPANHCVYFYGDEISFSCHETSRFSAICQGDGTWSPRTPSCGDICNFPPKIAHGHYKQSSSYSFFKEEIIYECDKGYILVGQAKLSCSYSHWSAPAPQCKALCRKPELVNGRLSVDKDQYVEPENVTIQCDSGYGVVGPQSITCSGNRTWYPEVPKCEWETPEGCEQVLTGKRLMQCLPNPEDVKMALEVYKLSLEIEQLELQRDSARQSTLDKEL,0
C8A,MFAVVFFILSLMTCQPGVTAQEKVNQRVRRAATPAAVTCQLSNWSEWTDCFPCQDKKYRHRSLLQPNKFGGTICSGDIWDQASCSSSTTCVRQAQCGQDFQCKETGRCLKRHLVCNGDQDCLDGSDEDDCEDVRAIDEDCSQYEPIPGSQKAALGYNILTQEDAQSVYDASYYGGQCETVYNGEWRELRYDSTCERLYYGDDEKYFRKPYNFLKYHFEALADTGISSEFYDNANDLLSKVKKDKSDSFGVTIGIGPAGSPLLVGVGVSHSQDTSFLNELNKYNEKKFIFTRIFTKVQTAHFKMRKDDIMLDEGMLQSLMELPDQYNYGMYAKFINDYGTHYITSGSMGGIYEYILVIDKAKMESLGITSRDITTCFGGSLGIQYEDKINVGGGLSGDHCKKFGGGKTERARKAMAVEDIISRVRGGSSGWSGGLAQNRSTITYRSWGRSLKYNPVVIDFEMQPIHEVLRHTSLGPLEAKRQNLRRALDQYLMEFNACRCGPCFNNGVPILEGTSCRCQCRLGSLGAACEQTQTEGAKADGSWSCWSSWSVCRAGIQERRRECDNPAPQNGGASCPGRKVQTQAC,0
CALCOCO2,MEETIKDPPTSAVLLDHCHFSQVIFNSVEKFYIPGGDVTCHYTFTQHFIPRRKDWIGIFRVGWKTTREYYTFMWVTLPIDLNNKSAKQQEVQFKAYYLPKDDEYYQFCYVDEDGVVRGASIPFQFRPENEEDILVVTTQGEVEEIEQHNKELCKENQELKDSCISLQKQNSDMQAELQKKQEELETLQSINKKLELKVKEQKDYWETELLQLKEQNQKMSSENEKMGIRVDQLQAQLSTQEKEMEKLVQGDQDKTEQLEQLKKENDHLFLSLTEQRKDQKKLEQTVEQMKQNETTAMKKQQELMDENFDLSKRLSENEIICNALQRQKERLEGENDLLKRENSRLLSYMGLDFNSLPYQVPTSDEGGARQNPGLAYGNPYSGIQESSSPSPLSIKKCPICKADDICDHTLEQQQMQPLCFNCPICDKIFPATEKQIFEDHVFCHSL,0
CAPG,MYTAIPQSGSPFPGSVQDPGLHVWRVEKLKPVPVAQENQGVFFSGDSYLVLHNGPEEVSHLHLWIGQQSSRDEQGACAVLAVHLNTLLGERPVQHREVQGNESDLFMSYFPRGLKYQEGGVESAFHKTSTGAPAAIKKLYQVKGKKNIRATERALNWDSFNTGDCFILDLGQNIFAWCGGKSNILERNKARDLALAIRDSERQGKAQVEIVTDGEEPAEMIQVLGPKPALKEGNPEEDLTADKANAQAAALYKVSDATGQMNLTKVADSSPFALELLISDDCFVLDNGLCGKIYIWKGRKANEKERQAALQVAEGFISRMQYAPNTQVEILPQGHESPIFKQFFKDWK,0
CCDC167,MTKKKRENLGVALEIDGLEEKLSQCRRDLEAVNSRLHSRELSPEARRSLEKEKNSLMNKASNYEKELKFLRQENRKNMLLSVAIFILLTLVYAYWTM,0
CCNB1IP1,MSLCEDMLLCNYRKCRIKLSGYAWVTACSHIFCDQHGSGEFSRSPAICPACNSTLSGKLDIVRTELSPSEEYKAMVLAGLRPEIVLDISSRALAFWTYQVHQERLYQEYNFSKAEGHLKQMEKIYTQQIQSKDVELTSMKGEVTSMKKVLEEYKKKFSDISEKLMERNRQYQKLQGLYDSLRLRNITIANHEGTLEPSMIAQSGVLGFPLGNNSKFPLDNTPVRNRGDGDGDFQFRPFFAGSPTAPEPSNSFFSFVSPSRELEQQQVSSRAFKVKRI,0
CCR6,MSGESMNFSDVFDSSEDYFVSVNTSYYSVDSEMLLCSLQEVRQFSRLFVPIAYSLICVFGLLGNILVVITFAFYKKARSMTDVYLLNMAIADILFVLTLPFWAVSHATGAWVFSNATCKLLKGIYAINFNCGMLLLTCISMDRYIAIVQATKSFRLRSRTLPRSKIICLVVWGLSVIISSSTFVFNQKYNTQGSDVCEPKYQTVSEPIRWKLLMLGLELLFGFFIPLMFMIFCYTFIVKTLVQAQNSKRHKAIRVIIAVVLVFLACQIPHNMVLLVTAANLGKMNRSCQSEKLIGYTKTVTEVLAFLHCCLNPVLYAFIGQKFRNYFLKILKDLWCVRRKYKSSGFSCAGRYSENISRQTSETADNDNASSFTM,0
CEP152,MSLDFGSVALPVQNEDEEYDEEDYEREKELQQLLTDLPHDMLDDDLSSPELQYSDCSEDGTDGQPHHPEQLEMSWNEQMLPKSQSVNGYNEIQSLYAGEKCGNVWEENRSKTEDRHPVYHPEEGGDEGGSGYSPPSKCEQTDLYHLPENFRPYTNGQKQEFNNQATNVIKFSDPQWNHFQGPSCQGLEPYNKVTYKPYQSSAQNNGSPAQEITGSDTFEGLQQQFLGANENSAENMQIIQLQVLNKAKERQLENLIEKLNESERQIRYLNHQLVIIKDEKDGLTLSLRESQKLFQNGKEREIQLEAQIKALETQIQALKVNEEQMIKKSRTTEMALESLKQQLVDLHHSESLQRAREQHESIVMGLTKKYEEQVLSLQKNLDATVTALKEQEDICSRLKDHVKQLERNQEAIKLEKTEIINKLTRSLEESQKQCAHLLQSGSVQEVAQLQFQLQQAQKAHAMSANMNKALQEELTELKDEISLYESAAKLGIHPSDSEGELNIELTESYVDLGIKKVNWKKSKVTSIVQEEDPNEELSKDEFILKLKAEVQRLLGSNSMKRHLVSQLQNDLKDCHKKIEDLHQVKKDEKSIEVETKTDTSEKPKNQLWPESSTSDVVRDDILLLKNEIQVLQQQNQELKETEGKLRNTNQDLCNQMRQMVQDFDHDKQEAVDRCERTYQQHHEAMKTQIRESLLAKHALEKQQLFEAYERTHLQLRSELDKLNKEVTAVQECYLEVCREKDNLELTLRKTTEKEQQTQEKIKEKLIQQLEKEWQSKLDQTIKAMKKKTLDCGSQTDQVTTSDVISKKEMAIMIEEQKCTIQQNLEQEKDIAIKGAMKKLEIELELKHCENITKQVEIAVQNAHQRWLGELPELAEYQALVKAEQKKWEEQHEVSVNKRISFAVSEAKEKWKSELENMRKNILPGKELEEKIHSLQKELELKNEEVPVVIRAELAKARSEWNKEKQEEIHRIQEQNEQDYRQFLDDHRNKINEVLAAAKEDFMKQKTELLLQKETELQTCLDQSRREWTMQEAKRIQLEIYQYEEDILTVLGVLLSDTQKEHISDSEDKQLLEIMSTCSSKWMSVQYFEKLKGCIQKAFQDTLPLLVENADPEWKKRNMAELSKDSASQGTGQGDPGPAAGHHAQPLALQATEAEADKKKVLEIKDLCCGHCFQELEKAKQECQDLKGKLEKCCRHLQHLERKHKAVVEKIGEENNKVVEELIEENNDMKNKLEELQTLCKTPPRSLSAGAIENACLPCSGGALEELRGQYIKAVKKIKCDMLRYIQESKERAAEMVKAEVLRERQETARKMRKYYLICLQQILQDDGKEGAEKKIMNAASKLATMAKLLETPISSKSQSKTTQSALPLTSEMLIAVKKSKRNDVNQKIPCCIESKSNSVNTITRTLCEQAPKRRAACNLQRLLENSEHQSIKHVGSKETHLEFQFGDGSCKHLNSLPRNVSPEFVPCEGEGGFGLHKKKDLLSDNGSESLPHSAAYPFLGTLGNKPSPRCTPGPSESGCMHITFRDSNERLGLKVYKCNPLMESENAASEKSQGLDVQEPPVKDGGDLSDCLGWPSSSATLSFDSREASFVHGRPQGTLEIPSESVKSKQFSPSGYLSDTEESNMICQTMKCQRYQTPYLSEETTYLEPGKISVNCGHPSRHKADRLKSDFKKLSSTLPSSVCQQPSRKLIVPLSSQQDSGFDSPFVNLD,0
CHD9,MTDPMMDFFDDANLFGETLEGLSDDAFVQPGPVSLVDELNLGAEFEPLHIDSLNHVQGTPTHQKMTDFEQLNQFDSIKFHHVNQSFGSPAEHVLSPHSQFNCSPIHPQNQPNGLFPDVSDGSPMWGHQTATTISNQNGSPFHQQGHSHSMHQNKSFVAHHDFALFQANEQQTQCTSLRSQQNRNNLNPGQNSLSQSKNFMNVSGPHRVNVNHPPQMTNASNSQQSISMQQFSQTSNPSAHFHKCSSHQEGNFNGPSPNMTSCSVSNSQQFSSHYSFSSNHISPNSLLQSSAVLASNHTNQTLSDFTGSNSFSPHRGIKQESTQHILNPNTSLNSNNFQILHSSHPQGNYSNSKLSPVHMNFPDPVDSGTQMGHFNDHVETNGFSSLEENLLHQVESQTEPFTGLDPEDLLQEGLLPHFDESTFGQDNSSHILDHDLDRQFTSHLVTRPSDMAQTQLQSQARSWHSSFSNHQHLHDRNHLCLQRQPPSSKKSDGSGTYTKLQNTQVRVMSEKKQRKKVESESKQEKANRIISEAIAKAKERGERNIPRVMSPENFPTASVEGKEEKKGRRMKSKPKDKDSKKTKTCSKLKEKTKIGKLIITLGKKQKRKNESSDEISDAEQMPQHTLKDQDSQKRRSNRQIKRKKYAEDIEGKQSEEEVKGSMKIKKNSAPLPGEQPLQLFVENPSEEDAAIVDKILSSRTVKKEISPGVMIDTEEFFVKYKNYSYLHCEWATEEQLLKDKRIQQKIKRFKLRQAQRAHFFADMEEEPFNPDYVEVDRVLEVSFCEDKDTGEPVIYYLVKWCSLPYEDSTWELKEDVDLAKIEEFEQLQASRPDTRRLDRPPSNIWKKIDQSRDYKNGNQLREYQLEGLNWLLFNWYNRRNCILADEMGLGKTIQSITFLYEILLTGIRGPFLIIAPLSTIANWEREFRTWTDINVVVYHGSLISRQMIQQYEMYFRDSQGRIIRGAYRFQAIITTFEMILGGCGELNAIEWRCVIIDEAHRLKNKNCKLLEGLKLMNLEHKVLLTGTPLQNTVEELFSLLHFLEPLRFPSESTFMQEFGDLKTEEQVQKLQAILKPMMLRRLKEDVEKKLAPKEETIIEVELTNIQKKYYRAILEKNFSFLSKGAGQTNVPNLVNTMMELRKCCNHPYLIKGAEEKILGEFRDTYNPAASDFHLQAMIQSAGKLVLIDKLLPKMKAGGHKVLIFSQMVRCLDILEDYLIHKRYLYERIDGRVRGNLRQAAIDRFSKPDSDRFVFLLCTRAGGLGINLTAADTCIIFDSDWNPQNDLQAQARCHRIGQNKAVKVYRLVTRNSYEREMFDRASLKLGLDKAVLQSMSGRESNVGGIQQLSKKEIEDLLRRGAYGAIMEEEDEGSKFCEEDIDQILLRRTKTITIESEGRGSTFAKASFVASGNRTDISLDDPNFWQKWAKKAEIDIEAISGRNSLVIDTPRIRKQTRPFSATKDELAELSEAESEGDEKPKLRRPCDRSNGYGRTECFRVEKNLLVYGWGRWREILSHGRFKRQLNEHDVEIICRALLAYCLVHYRGDEKIKGFIWDLITPTEDGQTRELQNHLGLSAPVPRGRKGKKVKTQTSSFDIQKAEWLRKYNPEQLLQDEGYKKHIKHHCNKVLLRVRMLYYLKQEVIGNECQKVFDGVDASDIDVWVPEPDHSEVPAEWWDFDADKSLLIGVFKHGYEKYNTIRADPALCFLERVGKPDEKAVAAEQRANDYMDGDVEDPEYKPAPAIFKDDIEDDVSSPGDLVIADGDGQLMEGDKVYWPTQSALTTRLRRLITAYQRTNKNRQIQQIQPTFSVPTSVMQPIYEEATLNPKMAAKIERQQRWTRREEADFYRVVSTFGVVFDPDRGQFDWTKFRAMARLHKKTDDSLEKYLYAFMSMCRRVCRLPSKEELVDPNIFIQPITEERASRTLYRIELLRKVREQALRHPQLFERLKLCHPNPDLPVWWECGPHDRDLLIGAAKHGVSRTDYHILRDPELSFMAAQRNYSQSKMAHSRTSTPLLQQYQVALSASPLTSLPRLLDAKGIILEEMKVKSENLKEEPQSSEEESMSSVETRTLIKSEPVSPKNGVLPQATGDQKSGGKCETDRRMVAARTEPLTPNPASKKPRVHKRGSESSSDSDSDSERSSCSSRSSSSSSSSSCSHSRSGSSSSSSSSCSSASSSSSSSTSSSSSSSSSSSEESDSDEEEAQKRESTTHMKAYDEESVASLSTTQDETQDSFQMNNGTPESAYILQGGYMLAASYWPKDRVMINRLDSICQTVLKGKWPSARRSYDANTVASFYTTKLLDSPGAATEYSDPSVPTPPGAGVKEEHDQSTQMSKVKKHVREKEFTVKIKDEGGLKLTFQKQGLAQKRPFDGEDGALGQQQYLTRLRELQSASETSLVNFPKSIPVSGTSIQPTLGANGVILDNQPIVKKRRGRRKNVEGVDIFFFNRNKPPNHVSLGLTSSQISTGINPALSYTQPQGIPDTESPVPVINLKDGTRLAGDDAPKRKDLEKWLKEHPGYVEDLGAFIPRMQLHEGRPKQKRHRCRNPNKLDVNSLTGEERVQLINRRNARKVGGAFAPPLKDLCRFLKENSEYGVAPEWGDVVKQSGFLPESMYERILTGPVVREEVSRRGRRPKSGIAKATAAAAAASATSVSGNPLLANGLLPGVDLTTLQALQQNLQNLQSLQVTAGLMGMPTGLPSGGEAKNMAAMFPMLLSGMAGLPNLLGMGGLLTKPTESGTEDKKGSDSKESEGKTERTESQSSENGGENSVSSSPSTSSTAALNTAAAANPLALNPLLLSNILYPGMLLTPGLNLHIPTLSQSNTFDVQNKNSDLGSSKSVEVKEEDSRIKDQEDKGGTEPSPLNENSTDEGSEKADASSGSDSTSSSSEDSDSSNED,0
CHRND,MEGPVLTLGLLAALAVCGSWGLNEEERLIRHLFQEKGYNKELRPVAHKEESVDVALALTLSNLISLKEVEETLTTNVWIEHGWTDNRLKWNAEEFGNISVLRLPPDMVWLPEIVLENNNDGSFQISYSCNVLVYHYGFVYWLPPAIFRSSCPISVTYFPFDWQNCSLKFSSLKYTAKEITLSLKQDAKENRTYPVEWIIIDPEGFTENGEWEIVHRPARVNVDPRAPLDSPSRQDITFYLIIRRKPLFYIINILVPCVLISFMVNLVFYLPADSGEKTSVAISVLLAQSVFLLLISKRLPATSMAIPLIGKFLLFGMVLVTMVVVICVIVLNIHFRTPSTHVLSEGVKKLFLETLPELLHMSRPAEDGPSPGALVRRSSSLGYISKAEEYFLLKSRSDLMFEKQSERHGLARRLTTARRPPASSEQAQQELFNELKPAVDGANFIVNHMRDQNNYNEEKDSWNRVARTVDRLCLFVVTPVMVVGTAWIFLQGVYNQPPPQPFPGDPYSYNVQDKRFI,0
CMPK2,MAFARRLLRGPLSGPLLGRRGVCAGAMAPPRRFVLELPDCTLAHFALGADAPGDADAPDPRLAALLGPPERSYSLCVPVTPDAGCGARVRAARLHQRLLHQLRRGPFQRCQLLRLLCYCPGGQAGGAQQGFLLRDPLDDPDTRQALLELLGACQEAPRPHLGEFEADPRGQLWQRLWEVQDGRRLQVGCAQVVPVPEPPLHPVVPDLPSSVVFPDREAARAVLEECTSFIPEARAVLDLVDQCPKQIQKGKFQVVAIEGLDATGKTTVTQSVADSLKAVLLKSPPSCIGQWRKIFDDEPTIIRRAFYSLGNYIVASEIAKESAKSPVIVDRYWHSTATYAIATEVSGGLQHLPPAHHPVYQWPEDLLKPDLILLLTVSPEERLQRLQGRGMEKTREEAELEANSVFRQKVEMSYQRMENPGCHVVDASPSREKVLQTVLSLIQNSFSEP,0
COL23A1,MGPGERAGGGGDAGKGNAAGGGGGGRSATTAGSRAVSALCLLLSVGSAAACLLLGVQAAALQGRVAALEEERELLRRAGPPGALDAWAEPHLERLLREKLDGLAKIRTAREAPSECVCPPGPPGRRGKPGRRGDPGPPGQSGRDGYPGPLGLDGKPGLPGPKGEKGAPGDFGPRGDQGQDGAAGPPGPPGPPGARGPPGDTGKDGPRGAQGPAGPKGEPGQDGEMGPKGPPGPKGEPGVPGKKGDDGTPSQPGPPGPKGEPGSMGPRGENGVDGAPGPKGEPGHRGTDGAAGPRGAPGLKGEQGDTVVIDYDGRILDALKGPPGPQGPPGPPGIPGAKGELGLPGAPGIDGEKGPKGQKGDPGEPGPAGLKGEAGEMGLSGLPGADGLKGEKGESASDSLQESLAQLIVEPGPPGPPGPPGPMGLQGIQGPKGLDGAKGEKGASGERGPSGLPGPVGPPGLIGLPGTKGEKGRPGEPGLDGFPGPRGEKGDRSERGEKGERGVPGRKGVKGQKGEPGPPGLDQPCPVGPDGLPVPGCWHK,0
CRYGA,MGKITFYEDRDFQGRCYNCISDCPNLRVYFSRCNSIRVDSGCWMLYERPNYQGHQYFLRRGKYPDYQHWMGLSDSVQSCRIIPHTSSHKLRLYERDDYRGLMSELTDDCACVPELFRLPEIYSLHVLEGCWVLYEMPNYRGRQYLLRPGDYRRYHDWGGADAKVGSLRRVTDLY,0
CTR9,MSRGSIEIPLRDTDEVIELDFDQLPEGDEVISILKQEHTQLHIWIALALEYYKQGKTEEFVKLLEAARIDGNLDYRDHEKDQMTCLDTLAAYYVQQARKEKNKDNKKDLITQATLLYTMADKIIMYDQNHLLGRACFCLLEGDKMDQADAQFHFVLNQSPNNIPALLGKACISFNKKDYRGALAYYKKALRTNPGCPAEVRLGMGHCFVKLNKLEKARLAFSRALELNSKCVGALVGLAVLELNNKEADSIKNGVQLLSRAYTIDPSNPMVLNHLANHFFFKKDYSKVQHLALHAFHNTEVEAMQAESCYQLARSFHVQEDYDQAFQYYYQATQFASSSFVLPFFGLGQMYIYRGDKENASQCFEKVLKAYPNNYETMKILGSLYAASEDQEKRDIAKGHLKKVTEQYPDDVEAWIELAQILEQTDIQGALSAYGTATRILQEKVQADVPPEILNNVGALHFRLGNLGEAKKYFLASLDRAKAEAEHDEHYYNAISVTTSYNLARLYEAMCEFHEAEKLYKNILREHPNYVDCYLRLGAMARDKGNFYEASDWFKEALQINQDHPDAWSLIGNLHLAKQEWGPGQKKFERILKQPSTQSDTYSMLALGNVWLQTLHQPTRDREKEKRHQDRALAIYKQVLRNDAKNLYAANGIGAVLAHKGYFREARDVFAQVREATADISDVWLNLAHIYVEQKQYISAVQMYENCLRKFYKHQNTEVVLYLARALFKCGKLQECKQTLLKARHVAPSDTVLMFNVALVLQRLATSVLKDEKSNLKEVLNAVKELELAHRYFSYLSKVGDKMRFDLALAATEARQCSDLLSQAQYHVARARKQDEEERELRAKQEQEKELLRQKLLKEQEEKRLREKEEQKKLLEQRAQYVEKTKNILMFTGETEATKEKKRGGGGGRRSKKGGEFDEFVNDDTDDDLPISKKKKRRKGSGSEQEGEDEEGGERKKKKRRRHPKGEEGSDDDETENGPKPKKRRPPKAEKKKAPKPERLPPSMKGKIKSKAIISSSDDSSDEDKLKIADEGHPRNSNSNSDSDEDEQRKKCASSESDSDENQNKSGSEAGSPRRPRRQRSDQDSDSDQPSRKRRPSGSEQSDNESVQSGRSHSGVSENDSRPASPSAESDHESERGSDNEGSGQGSGNESEPEGSNNEASDRGSEHGSDDSD,0
CYS1,MGSGSSRSSRTLRRRRSPESLPAGPGAAALEGGTRRRVPVAAAEVPGAAAEEAPGRDPSPVAPPDGRDETLRLLDELLAESAAWGPPEPAPRRPARLRPTAVAGSAVCAEQSTEGHPGSGNVSEAPGSGRKKPERPAAISYDHSEEGLMASIEREYCR,0
DDX43,MSHHGGAPKASTWVVASRRSSTVSRAPERRPAEELNRTGPEGYSVGRGGRWRGTSRPPEAVAAGHEELPLCFALKSHFVGAVIGRGGSKIKNIQSTTNTTIQIIQEQPESLVKIFGSKAMQTKAKAVIDNFVKKLEENYNSECGIDTAFQPSVGKDGSTDNNVVAGDRPLIDWDQIREEGLKWQKTKWADLPPIKKNFYKESTATSAMSKVEADSWRKENFNITWDDLKDGEKRPIPNPTCTFDDAFQCYPEVMENIKKAGFQKPTPIQSQAWPIVLQGIDLIGVAQTGTGKTLCYLMPGFIHLVLQPSLKGQRNRPGMLVLTPTRELALQVEGECCKYSYKGLRSVCVYGGGNRDEQIEELKKGVDIIIATPGRLNDLQMSNFVNLKNITYLVLDEADKMLDMGFEPQIMKILLDVRPDRQTVMTSATWPHSVHRLAQSYLKEPMIVYVGTLDLVAVSSVKQNIIVTTEEEKWSHMQTFLQSMSSTDKVIVFVSRKAVADHLSSDLILGNISVESLHGDREQRDREKALENFKTGKVRILIATDLASRGLDVHDVTHVYNFDFPRNIEEYVHRIGRTGRAGRTGVSITTLTRNDWRVASELINILERANQSIPEELVSMAERFKAHQQKREMERKMERPQGRPKKFH,0
DHCR7,MAAKSQPNIPKAKSLDGVTNDRTASQGQWGRAWEVDWFSLASVIFLLLFAPFIVYYFIMACDQYSCALTGPVVDIVTGHARLSDIWAKTPPITRKAAQLYTLWVTFQVLLYTSLPDFCHKFLPGYVGGIQEGAVTPAGVVNKYQINGLQAWLLTHLLWFANAHLLSWFSPTIIFDNWIPLLWCANILGYAVSTFAMVKGYFFPTSARDCKFTGNFFYNYMMGIEFNPRIGKWFDFKLFFNGRPGIVAWTLINLSFAAKQRELHSHVTNAMVLVNVLQAIYVIDFFWNETWYLKTIDICHDHFGWYLGWGDCVWLPYLYTLQGLYLVYHPVQLSTPHAVGVLLLGLVGYYIFRVANHQKDLFRRTDGRCLIWGRKPKVIECSYTSADGQRHHSKLLVSGFWGVARHFNYVGDLMGSLAYCLACGGGHLLPYFYIIYMAILLTHRCLRDEHRCASKYGRDWERYTAAVPYRLLPGIF,0
DUSP1,MVMEVGTLDAGGLRALLGERAAQCLLLDCRSFFAFNAGHIAGSVNVRFSTIVRRRAKGAMGLEHIVPNAELRGRLLAGAYHAVVLLDERSAALDGAKRDGTLALAAGALCREARAAQVFFLKGGYEAFSASCPELCSKQSTPMGLSLPLSTSVPDSAESGCSSCSTPLYDQGGPVEILPFLYLGSAYHASRKDMLDALGITALINVSANCPNHFEGHYQYKSIPVEDNHKADISSWFNEAIDFIDSIKNAGGRVFVHCQAGISRSATICLAYLMRTNRVKLDEAFEFVKQRRSIISPNFSFMGQLLQFESQVLAPHCSAEAGSPAMAVLDRGTSTTTVFNFPVSIPVHSTNSALSYLQSPITTSPSC,0
ELL3,MEELQEPLRGQLRLCFTQAARTSLLLLRLNDAALRALQECQRQQVRPVIAFQGHRGYLRLPGPGWSCLFSFIVSQCCQEGAGGSLDLVCQRFLRSGPNSLHCLGSLRERLIIWAAMDSIPAPSSVQGHNLTEDARHPESWQNTGGYSEGDAVSQPQMALEEVSVSDPLASNQGQSLPGSSREHMAQWEVRSQTHVPNREPVQALPSSASRKRLDKKRSVPVATVELEEKRFRTLPLVPSPLQGLTNQDLQEGEDWEQEDEDMDPRLEHSSSVQEDSESPSPEDIPDYLLQYRAIHSAEQQHAYEQDFETDYAEYRILHARVGTASQRFIELGAEIKRVRRGTPEYKVLEDKIIQEYKKFRKQYPSYREEKRRCEYLHQKLSHIKGLILEFEEKNRGS,0
ENO2,MSIEKIWAREILDSRGNPTVEVDLYTAKGLFRAAVPSGASTGIYEALELRDGDKQRYLGKGVLKAVDHINSTIAPALISSGLSVVEQEKLDNLMLELDGTENKSKFGANAILGVSLAVCKAGAAERELPLYRHIAQLAGNSDLILPVPAFNVINGGSHAGNKLAMQEFMILPVGAESFRDAMRLGAEVYHTLKGVIKDKYGKDATNVGDEGGFAPNILENSEALELVKEAIDKAGYTEKIVIGMDVAASEFYRDGKYDLDFKSPTDPSRYITGDQLGALYQDFVRDYPVVSIEDPFDQDDWAAWSKFTANVGIQIVGDDLTVTNPKRIERAVEEKACNCLLLKVNQIGSVTEAIQACKLAQENGWGVMVSHRSGETEDTFIADLVVGLCTGQIKTGAPCRSERLAKYNQLMRIEEELGDEARFAGHNFRNPSVL,0
EPPIN-WFDC6,MGSSGLLSLLVLFVLLANVQGPGLTDWLFPRRCPKIREECEFQERDVCTKDRQCQDNKKCCVFSCGKKCLDLKQDVCEMPKETGPCLAYFLHWWYDKKDNTCSMFVYGGCQGNNNNFQSKANCLNTCKNKRFP,0
EXOC3,MKETDREAVATAVQRVAGMLQRPDQLDKVEQYRRREARKKASVEARLKAAIQSQLDGVRTGLSQLHNALNDVKDIQQSLADVSKDWRQSINTIESLKDVKDAVVQHSQLAAAVENLKNIFSVPEIVRETQDLIEQGALLQAHRKLMDLECSRDGLMYEQYRMDSGNTRDMTLIHGYFGSTQGLSDELAKQLWMVLQRSLVTVRRDPTLLVSVVRIIEREEKIDRRILDRKKQTGFVPPGRPKNWKEKMFTILERTVTTRIEGTQADTRESDKMWLVRHLEIIRKYVLDDLIVAKNLMVQCFPPHYEIFKNLLNMYHQALSTRMQDLASEDLEANEIVSLLTWVLNTYTSTEMMRNVELAPEVDVGTLEPLLSPHVVSELLDTYMSTLTSNIIAWLRKALETDKKDWVKETEPEADQDGYYQTTLPAIVFQMFEQNLQVAAQISEDLKTKVLVLCLQQMNSFLSRYKDEAQLYKEEHLRNRQHPHCYVQYMIAIINNCQTFKESIVSLKRKYLKNEVEEGVSPSQPSMDGILDAIAKEGCSGLLEEVFLDLEQHLNELMTKKWLLGSNAVDIICVTVEDYFNDFAKIKKPYKKRMTAEAHRRVVVEYLRAVMQKRISFRSPEERKEGAEKMVREAEQLRFLFRKLASGFGEDVDGYCDTIVAVAEVIKLTDPSLLYLEVSTLVSKYPDIRDDHIGALLAVRGDASRDMKQTIMETLEQGPAQASPSYVPLFKDIVVPSLNVAKLLK,0
FLJ44635,METVIMITYWDLISHSEMFSDSYMSQEIADGLRLEVEGKIVSRTEGNIFDSLIGGNASAEGPEGKGTESTVITGVDSVMNHHLQETSFTKEAYNKCIKDYMKSIKGKLEEQRPKRVKPFMTGAAEQIKHILANFKNYQKT,0
GABRA5,MDNGMFSGFIMIKNLLLFCISMNLSSHFGFSQMPTSSVKDETNDNITIFTRILDGLLDGYDNRLRPGLGERITQVRTDIYVTSFGPVSDTEMEYTIDVFFRQSWKDERLRFKGPMQRLPLNNLLASKIWTPDTFFHNGKKSIAHNMTTPNKLLRLEDDGTLLYTMRLTISAECPMQLEDFPMDAHACPLKFGSYAYPNSEVVYVWTNGSTKSVVVAEDGSRLNQYHLMGQTVGTENISTSTGEYTIMTAHFHLKRKIGYFVIQTYLPCIMTVILSQVSFWLNRESVPARTVFGVTTVLTMTTLSISARNSLPKVAYATAMDWFIAVCYAFVFSALIEFATVNYFTKRGWAWDGKKALEAAKIKKKREVILNKSTNAFTTGKMSHPPNIPKEQTPAGTSNTTSVSVKPSEEKTSESKKTYNSISKIDKMSRIVFPVLFGTFNLVYWATYLNREPVIKGAASPK,0
GALNT4,MAVRWTWAGKSCLLLAFLTVAYIFVELLVSTFHASAGAGRARELGSRRLSDLQKNTEDLSRPLYKKPPADSRALGEWGKASKLQLNEDELKQQEELIERYAINIYLSDRISLHRHIEDKRMYECKSQKFNYRTLPTTSVIIAFYNEAWSTLLRTIHSVLETSPAVLLKEIILVDDLSDRVYLKTQLETYISNLDRVRLIRTNKREGLVRARLIGATFATGDVLTFLDCHCECNSGWLEPLLERIGRDETAVVCPVIDTIDWNTFEFYMQIGEPMIGGFDWRLTFQWHSVPKQERDRRISRIDPIRSPTMAGGLFAVSKKYFQYLGTYDTGMEVWGGENLELSFRVWQCGGKLEIHPCSHVGHVFPKRAPYARPNFLQNTARAAEVWMDEYKEHFYNRNPPARKEAYGDISERKLLRERLRCKSFDWYLKNVFPNLHVPEDRPGWHGAIRSRGISSECLDYNSPDNNPTGANLSLFGCHGQGGNQFFEYTSNKEIRFNSVTELCAEVPEQKNYVGMQNCPKDGFPVPANIIWHFKEDGTIFHPHSGLCLSAYRTPEGRPDVQMRTCDALDKNQIWSFEK,0
GATD3A,MAAVRALVASRLAAASAFTSLSPGGRTPSQRAALHLSVPRPAARVALVLSGCGVYDGTEIHEASAILVHLSRGGAEVQIFAPDVPQMHVIDHTKGQPSEGESRNVLTESARIARGKITDLANLSAANHDAAIFPGGFGAAKNLSTFAVDGKDCKVNKEVERVLKEFHQAGKPIGLCCIAPVLAAKVLRGVEVTVGHEQEEGGKWPYAGTAEAIKALGAKHCVKEVVEAHVDQKNKVVTTPAFMCETALHYIHDGIGAMVRKVLELTGK,0
GNAI1,MGCTLSAEDKAAVERSKMIDRNLREDGEKAAREVKLLLLGAGESGKSTIVKQMKIIHEAGYSEEECKQYKAVVYSNTIQSIIAIIRAMGRLKIDFGDSARADDARQLFVLAGAAEEGFMTAELAGVIKRLWKDSGVQACFNRSREYQLNDSAAYYLNDLDRIAQPNYIPTQQDVLRTRVKTTGIVETHFTFKDLHFKMFDVGGQRSERKKWIHCFEGVTAIIFCVALSDYDLVLAEDEEMNRMHESMKLFDSICNNKWFTDTSIILFLNKKDLFEEKIKKSPLTICYPEYAGSNTYEEAAAYIQCQFEDLNKRKDTKEIYTHFTCATDTKNVQFVFDAVTDVIIKNNLKDCGLF,0
GOLGA8J,MAEETQHNKLAAAKKKLKEYWQKNSPRVPAGANRNRKTNGSIPEKATSGGCQPPRDSATGFHREGPTSSATLKDLESPCQERAVVLDSRSVEISQLKNTIKSLKQQKKQVEHQLEEEKKANNKKQKAKRVLEVQIQTLNIQKEELNTDLYHMKRSLRYFEEKSKDLAVRLQHSLQRKGELESVLSNVMATQKKKANQLSSRSKARTEWKLEQSMREEALLKVQLTQFKESFQQVQLERDEYSEHLKGERARWQQRMRKMSQEICTLKKEKQQDMRRVEKLERSLSKLKNQMAEPLPPEPPAVPSEVELQHLRKELERVAGELQAQVKNNQRISLLNQRQEERIREQEERLRKQEERIQEQHKSLQQLAKPQSVFKEPNNENKNALQLEQQVKELQEKLGEEHLEAASQQNQQLTAQLSLMALPGEGHGGEHLDSEGEEAPRPMPSVPEDPESREAMSSFMDHLEEKADLSELVKKKELCFIHHWRERCHQKTHHLLSEPGGRAKDAALGGGHHQAGAQGGDEGEAAGAAADGIAAYSNYNNGHRKFLAAAHNSADEPGPGAPAPQELGAADKHGHLCEVSLTSSAQGEAREDPLLDKPTAQPIVQDHQEHPGLGSNCCVPFLCWAWLPRRRR,0
GPR50,MGPTLAVPTPYGCIGCKLPQPEYPPALIIFMFCAMVITIVVDLIGNSMVILAVTKNKKLRNSGNIFVVSLSVADMLVAIYPYPLMLHAMSIGGWDLSQLQCQMVGFITGLSVVGSIFNIVAIAINRYCYICHSLQYERIFSVRNTCIYLVITWIMTVLAVLPNMYIGTIEYDPRTYTCIFNYLNNPVFTVTIVCIHFVLPLLIVGFCYVRIWTKVLAARDPAGQNPDNQLAEVRNFLTMFVIFLLFAVCWCPINVLTVLVAVSPKEMAGKIPNWLYLAAYFIAYFNSCLNAVIYGLLNENFRREYWTIFHAMRHPIIFFSGLISDIREMQEARTLARARAHARDQAREQDRAHACPAVEETPMNVRNVPLPGDAAAGHPDRASGHPKPHSRSSSAYRKSASTHHKSVFSHSKAASGHLKPVSGHSKPASGHPKSATVYPKPASVHFKADSVHFKGDSVHFKPDSVHFKPASSNPKPITGHHVSAGSHSKSAFSAATSHPKPTTGHIKPATSHAEPTTADYPKPATTSHPKPTAADNPELSASHCPEIPAIAHPVSDDSDLPESASSPAAGPTKPAASQLESDTIADLPDPTVVTTSTNDYHDVVVIDVEDDPDEMAV,0
HEATR3,MGKSRTKRFKRPQFSPTGDCQAEAAAAANGTGGEEDDGPAAELLEKLQHPSAEVRECACAGLARLVQQRPALPGLARRDAVRRLGPLLLDPSLAVRETAAGALRNLSACGGFEVCDDMVTKDIMTPLVALLKECSAGLDSNEMSLQEKKDQNRNSIENIANETVNVLWNICECSSRAVSIFNKEGCLEIVLKYLSRFPTNVDLAISVAYCLQTVTEDNPELLKSFSATALNMLESALLSPVSSMESLLLKTLVAGTIWNLKDIIPCKSQAEIINALLKILSEVLGMDAGEMVIQMKEAETQRLKTAAEAEEILENTNGDDLIEDDEMEGISHKRRVRRKTFVSDLLPPTDKELRETIALLTAQQTALEIIVNMCCNEDPSDDEWEELSSSDESDAFMENSFSECGGQLFSPLCLSHEVHTALTNYLIPKKIFEKTAFPNSIAVDLCSRNPTWKPLIRKMNTIQCRALFCLQSLVSLLDVEHLGGAAALQTLAQHLSQLLFSQPDFAKHVDFLEAISSALRALLQTMASKNISQCMTPDQLMTLCKAGIHSSNVGVRVNVVSILGITGSVLAKEDGTLETLKNIGCFLLEVTTKDPSLVVAGEALDALFDVFADGKEAERASIQIKLLSALKEFQPVFKMKIRKEGRGNYSTDQLCVLDNVKMNLRRFIAYQETVEKRLTS,0
HEXD,MSGSTPFQMRLVHLDLKGAPPKVSYLSEIFPLFRALGANGLLIEYEDMFPYEGPLRLLRAKYAYSPSEIKEILHLAGLNELEVIPLVQTFGHMEFVLKHTAFAHLREVGSFPCTLNPHEAESLALVGAMIDQVLELHPGAQRLHIGCDEVYYLGEGEASRRWLQQEQNSTGKLCLSHMRAVASGVKARRPSVTPLVWDDMLRDLPEDQLAASGVPQLVEPVLWDYTADLDVHGKVLLMQKYRRCGFPQLWAASAFKGATGPSQAVPPVEHHLRNHVQWLQVAGSGPTDSLQGIILTGWQRYDHYSVLCELLPAGVPSLAACLQLLLRGGFDEDVKAKVENLLGISSLEKTDPVREGAGSFPGSNILALVTQVSLHLRSSVDALLEGNRYVTGWFSPYHRQRKLIHPVMVQHIQPAALSLLAQWSTLVQELEAALQLAFYPDAVEEWLEENVHPSLQRLQALLQDLSEVSAPPLPPTSPGRDVAQDP,0
HOMER2,MGEQPIFTTRAHVFQIDPNTKKNWMPASKQAVTVSYFYDVTRNSYRIISVDGAKVIINSTITPNMTFTKTSQKFGQWADSRANTVFGLGFSSEQQLTKFAEKFQEVKEAAKIAKDKTQEKIETSSNHSQESGRETPSSTQASSVNGTDDEKASHAGPANTHLKSENDKLKIALTQSAANVKKWEIELQTLRESNARLTTALQESAASVEQWKRQFSICRDENDRLRNKIDELEEQCSEINREKEKNTQLKRRIEELEAELREKETELKDLRKQSEIIPQLMSECEYVSEKLEAAERDNQNLEDKVRSLKTDIEESKYRQRHLKVELKSFLEVLDGKIDDLHDFRRGLSKLGTDN,0
IGLL5,MRPKTGQVGCETPEELGPGPRQRWPLLLLGLAMVAHGLLRPMVAPQSGDPDPGASVGSSRSSLRSLWGRLLLQPSPQRADPRCWPRGFWSEPQSLCYVFGTGTKVTVLGQPKANPTVTLFPPSSEELQANKATLVCLISDFYPGAVTVAWKADGSPVKAGVETTKPSKQSNNKYAASSYLSLTPEQWKSHRSYSCQVTHEGSTVEKTVAPTECS,0
IHO1,MNFNVWNIKEMLSIPSGSGNKKSSNWNNNQNDYSSLSDSQFLFGSQFCPENSETLSAPLDFGAHLRHSKQSQQNYLEGEPSIFTKYQTKPQLFGGDIKDGGLFPPPLSVGKSKGLLEQFEEKKKRAKDKCDSETLYNFVSNVRESILRLQTSVEKSEDHLSSRSQSILDSLETVAKTLQETIQAQNDLVFEAVQDKGNMEQAILEMKKRFEARQGEFIEMKSNLKHLEVLVAQQSQEFQQLCEQLGQLNVPSVLAELKRLISVPPVKDSASQTSPPLAQSLNLTRQEKYTSEKPVLWQAQALPAAWNPGMGSLQPGEFDVWGEGAKNDDLQEEAALPAFGSHERNRHVKDKVVQTNCKNWAVTKTGAKNHGSSVPGHKIPSDRDLVSQGASQLTSLEINFSTSIKNACQKYQAQSMFLCDPREHLVIKQKDGTVEMRGKDKKQQPRKAHRAHRGRLIASKQKQIPIQTCKFNSKYQSPQPAISVPQSPFLGQQEPRAQPLHLQCPRSPRKPVCPILGGTVMPNKTVRAVQGRLLQLSRCSSQDNWLLSSSSQGDHQMSWFSDLNLGCSETPLCKEAGKNLLYDLGFDSSDDDGF,0
IMPG1,MYLETRRAIFVFWIFLQVQGTKDISINIYHSETKDIDNPPRNETTESTEKMYKMSTMRRIFDLAKHRTKRSAFFPTGVKVCPQESMKQILDSLQAYYRLRVCQEAVWEAYRIFLDRIPDTGEYQDWVSICQQETFCLFDIGKNFSNSQEHLDLLQQRIKQRSFPDRKDEISAEKTLGEPGETIVISTDVANVSLGPFPLTPDDTLLNEILDNTLNDTKMPTTERETEFAVLEEQRVELSVSLVNQKFKAELADSQSPYYQELAGKSQLQMQKIFKKLPGFKKIHVLGFRPKKEKDGSSSTEMQLTAIFKRHSAEAKSPASDLLSFDSNKIESEEVYHGTMEEDKQPEIYLTATDLKRLISKALEEEQSLDVGTIQFTDEIAGSLPAFGPDTQSELPTSFAVITEDATLSPELPPVEPQLETVDGAEHGLPDTSWSPPAMASTSLSEAPPFFMASSIFSLTDQGTTDTMATDQTMLVPGLTIPTSDYSAISQLALGISHPPASSDDSRSSAGGEDMVRHLDEMDLSDTPAPSEVPELSEYVSVPDHFLEDTTPVSALQYITTSSMTIAPKGRELVVFFSLRVANMAFSNDLFNKSSLEYRALEQQFTQLLVPYLRSNLTGFKQLEILNFRNGSVIVNSKMKFAKSVPYNLTKAVHGVLEDFRSAAAQQLHLEIDSYSLNIEPADQADPCKFLACGEFAQCVKNERTEEAECRCKPGYDSQGSLDGLEPGLCGPGTKECEVLQGKGAPCRLPDHSENQAYKTSVKKFQNQQNNKVISKRNSELLTVEYEEFNHQDWEGN,0
KBTBD3,MELAMDNSYAFNQRSTCNGIPSEKKNNFLVSEDHGQKILSVLQNFREQNVFYDFKIIMKDEIIPCHRCVLAACSDFFRAMFEVNMKERDDGSVTITNLSSKAVKAFLDYAYTGKTKITDDNVEMFFQLSSFLQVSFLSKACSDFLIKSINLVNCLQLLSISDSYGSTSLFDHALHFVQHHFSLLFKSSDFLEMNFGVLQKCLESDELNVPEEEMVLKVVLSWTKHNLESRQKYLPHLIEKVRLHQLSEETLQDCLFNEESLLKSTNCFDIIMDAIKCVQGSGGLFPDARPSTTEKYIFIHKTEENGENQYTFCYNIKSDSWKILPQSHLIDLPGSSLSSYGEKIFLTGGCKGKCCRTVRLHIAESYHDATDQTWCYCPVKNDFFLVSTMKTPRTMHTSVMALDRLFVIGGKTRGSRDIKSLLDVESYNPLSKEWISVSPLPRGIYYPEASTCQNVIYVLGSEVEITDAFNPSLDCFFKYNATTDQWSELVAEFGQFFHATLIKAVPVNCTLYICDLSTYKVYSFCPDTCVWKGEGSFECAGFNAGAIGIEDKIYILGGDYAPDEITDEVQVYHSNRSEWEEVSPMPRALTEFYCQVIQFNKYRDPWFSNLCA,0
KDM4B,MGSEDHGAQNPSCKIMTFRPTMEEFKDFNKYVAYIESQGAHRAGLAKIIPPKEWKPRQTYDDIDDVVIPAPIQQVVTGQSGLFTQYNIQKKAMTVGEYRRLANSEKYCTPRHQDFDDLERKYWKNLTFVSPIYGADISGSLYDDDVAQWNIGSLRTILDMVERECGTIIEGVNTPYLYFGMWKTTFAWHTEDMDLYSINYLHFGEPKSWYAIPPEHGKRLERLAIGFFPGSSQGCDAFLRHKMTLISPIILKKYGIPFSRITQEAGEFMITFPYGYHAGFNHGFNCAESTNFATLRWIDYGKVATQCTCRKDMVKISMDVFVRILQPERYELWKQGKDLTVLDHTRPTALTSPELSSWSASRASLKAKLLRRSHRKRSQPKKPKPEDPKFPGEGTAGAALLEEAGGSVKEEAGPEVDPEEEEEEPQPLPHGREAEGAEEDGRGKLRPTKAKSERKKKSFGLLPPQLPPPPAHFPSEEALWLPSPLEPPVLGPGPAAMEESPLPAPLNVVPPEVPSEELEAKPRPIIPMLYVVPRPGKAAFNQEHVSCQQAFEHFAQKGPTWKEPVSPMELTGPEDGAASSGAGRMETKARAGEGQAPSTFSKLKMEIKKSRRHPLGRPPTRSPLSVVKQEASSDEEASPFSGEEDVSDPDALRPLLSLQWKNRAASFQAERKFNAAAARTEPYCAICTLFYPYCQALQTEKEAPIASLGKGCPATLPSKSRQKTRPLIPEMCFTSGGENTEPLPANSYIGDDGTSPLIACGKCCLQVHASCYGIRPELVNEGWTCSRCAAHAWTAECCLCNLRGGALQMTTDRRWIHVICAIAVPEARFLNVIERHPVDISAIPEQRWKLKCVYCRKRMKKVSGACIQCSYEHCSTSFHVTCAHAAGVLMEPDDWPYVVSITCLKHKSGGHAVQLLRAVSLGQVVITKNRNGLYYRCRVIGAASQTCYEVNFDDGSYSDNLYPESITSRDCVQLGPPSEGELVELRWTDGNLYKAKFISSVTSHIYQVEFEDGSQLTVKRGDIFTLEEELPKRVRSRLSLSTGAPQEPAFSGEEAKAAKRPRVGTPLATEDSGRSQDYVAFVESLLQVQGRPGAPF,0
KDSR,MLLLAAAFLVAFVLLLYMVSPLISPKPLALPGAHVVVTGGSSGIGKCIAIECYKQGAFITLVARNEDKLLQAKKEIEMHSINDKQVVLCISVDVSQDYNQVENVIKQAQEKLGPVDMLVNCAGMAVSGKFEDLEVSTFERLMSINYLGSVYPSRAVITTMKERRVGRIVFVSSQAGQLGLFGFTAYSASKFAIRGLAEALQMEVKPYNVYITVAYPPDTDTPGFAEENRTKPLETRLISETTSVCKPEQVAKQIVKDAIQGNFNSSLGSDGYMLSALTCGMAPVTSITEGLQQVVTMGLFRTIALFYLGSFDSIVRRCMMQREKSENADKTA,0
LAMP1,MAAPGSARRPLLLLLLLLLLGLMHCASAAMFMVKNGNGTACIMANFSAAFSVNYDTKSGPKNMTFDLPSDATVVLNRSSCGKENTSDPSLVIAFGRGHTLTLNFTRNATRYSVQLMSFVYNLSDTHLFPNASSKEIKTVESITDIRADIDKKYRCVSGTQVHMNNVTVTLHDATIQAYLSNSSFSRGETRCEQDRPSPTTAPPAPPSPSPSPVPKSPSVDKYNVSGTNGTCLLASMGLQLNLTYERKDNTTVTRLLNINPNKTSASGSCGAHLVTLELHSEGTTVLLFQFGMNASSSRFFLQGIQLNTILPDARDPAFKAANGSLRALQATVGNSYKCNAEEHVRVTKAFSVNIFKVWVQAFKVEGGQFGSVEECLLDENSMLIPIAVGGALAGLVLIVLIAYLVGRKRSHAGYQTI,0
LHB,MEMLQGLLLLLLLSMGGAWASREPLRPWCHPINAILAVEKEGCPVCITVNTTICAGYCPTMMRVLQAVLPPLPQVVCTYRDVRFESIRLPGCPRGVDPVVSFPVALSCRCGPCRRSTSDCGGPKDHPLTCDHPQLSGLLFL,0
LRRC28,MASELCKTISVARLEKHKNLFLNYRNLHHFPLELLKDEGLQYLERLYMKRNSLTSLPENLAQKLPNLVELYLHSNNIVVVPEAIGSLVKLQCLDLSDNALEIVCPEIGRLRALRHLRLANNQLQFLPPEVGDLKELQTLDISTNRLLTLPERLHMCLSLQYLTVDRNRLWYVPRHLCQLPSLNELSMAGNRLAFLPLDLGRSRELQYVYVDNNIHLKGLPSYLYNKVIGCSGCGAPIQVSEVKLLSFSSGQRTVFLPAEVKAIGTEHDHVLPLQELAMRGLYHTYHSLLKDLNFLSPISLPRSLLELLHCPLGHCHRCSEPMFTIVYPKLFPLRETPMAGLHQWKTTVSFVAYCCSTQCLQTFDLLS,0
MAST3,MDESSLLRRRGLQKELSLPRRGRGCRSGNRKSLVVGTPSPTLSRPLSPLSVPTAGSSPLDSPRNFSAASALNFPFARRADGRRWSLASLPSSGYGTNTPSSTLSSSSSSRERLHQLPFQPTPDELHFLSKHFRSSENVLDEEGGRSPRLRPRSRSLSPGRATGTFDNEIVMMNHVYRERFPKATAQMEGRLQEFLTAYAPGARLALADGVLGFIHHQIVELARDCLAKSGENLVTSRYFLEMQEKLERLLQDAHERSDSEEVSFIVQLVRKLLIIISRPARLLECLEFDPEEFYHLLEAAEGHAREGQGIKTDLPQYIIGQLGLAKDPLEEMVPLSHLEEEQPPAPESPESRALVGQSRRKPCESDFETIKLISNGAYGAVYLVRHRDTRQRFAIKKINKQNLILRNQIQQVFVERDILTFAENPFVVSMFCSFETRRHLCMVMEYVEGGDCATLLKNMGPLPVDMARLYFAETVLALEYLHNYGIVHRDLKPDNLLITSLGHIKLTDFGLSKIGLMSMATNLYEGHIEKDAREFIDKQVCGTPEYIAPEVIFRQGYGKPVDWWAMGVVLYEFLVGCVPFFGDTPEELFGQVVSDEIMWPEGDEALPADAQDLITRLLRQSPLDRLGTGGTHEVKQHPFFLALDWAGLLRHKAEFVPQLEAEDDTSYFDTRSERYRHLGSEDDETNDEESSTEIPQFSSCSHRFSKVYSSSEFLAVQPTPTFAERSFSEDREEGWERSEVDYGRRLSADIRLRSWTSSGSSCQSSSSQPERGPSPSLLNTISLDTMPKFAFSSEDEGVGPGPAGPKRPVFILGEPDPPPAATPVMPKPSSLSADTAALSHARLRSNSIGARHSTPRPLDAGRGRRLGGPRDPAPEKSRASSSGGSGGGSGGRVPKSASVSALSLIITADDGSGGPLMSPLSPRSLSSNPSSRDSSPSRDPSPVCGSLRPPIVIHSSGKKYGFSLRAIRVYMGDSDVYTVHHVVWSVEDGSPAQEAGLRAGDLITHINGESVLGLVHMDVVELLLKSGNKISLRTTALENTSIKVGPARKNVAKGRMARRSKRSRRRETQDRRKSLFKKISKQTSVLHTSRSFSSGLHHSLSSSESLPGSPTHSLSPSPTTPCRSPAPDVPADTTASPPSASPSSSSPASPAAAGHTRPSSLHGLAAKLGPPRPKTGRRKSTSSIPPSPLACPPISAPPPRSPSPLPGHPPAPARSPRLRRGQSADKLGTGERLDGEAGRRTRGPEAELVVMRRLHLSERRDSFKKQEAVQEVSFDEPQEEATGLPTSVPQIAVEGEEAVPVALGPTGRD,0
MGARP,MYLRRAVSKTLALPLRAPPNPAPLGKDASLRRMSSNRFPGSSGSNMIYYLVVGVTVSAGGYYAYKTVTSDQAKHTEHKTNLKEKTKAEIHPFQGEKENVAETEKASSEAPEELIVEAEVVDAEESPSATVVVIKEASACPGHVEAAPETTAVSAETGPEVTDAAARETTEVNPETTPEVTNAALDEAVTIDNDKDTTKNETSDEYAELEEENSPAESESSAGDDLQEEASVGSEAASAQG,0
MLF1,MFRMLNSSFEDDPFFSESILAHRENMRQMIRSFSEPFGRDLLSISDGRGRAHNRRGHNDGEDSLTHTDVSSFQTMDQMVSNMRNYMQKLERNFGQLSVDPNGHSFCSSSVMTYSKIGDEPPKVFQASTQTRRAPGGIKETRKAMRDSDSGLEKMAIGHHIHDRAHVIKKSKNKKTGDEEVNQEFINMNESDAHAFDEEWQSEVLKYKPGRHNLGNTRMRSVGHENPGSRELKRREKPQQSPAIEHGRRSNVLGDKLHIKGSSVKSNKK,0
MMP3,MKSLPILLLLCVAVCSAYPLDGAARGEDTSMNLVQKYLENYYDLKKDVKQFVRRKDSGPVVKKIREMQKFLGLEVTGKLDSDTLEVMRKPRCGVPDVGHFRTFPGIPKWRKTHLTYRIVNYTPDLPKDAVDSAVEKALKVWEEVTPLTFSRLYEGEADIMISFAVREHGDFYPFDGPGNVLAHAYAPGPGINGDAHFDDDEQWTKDTTGTNLFLVAAHEIGHSLGLFHSANTEALMYPLYHSLTDLTRFRLSQDDINGIQSLYGPPPDSPETPLVPTEPVPPEPGTPANCDPALSFDAVSTLRGEILIFKDRHFWRKSLRKLEPELHLISSFWPSLPSGVDAAYEVTSKDLVFIFKGNQFWAIRGNEVRAGYPRGIHTLGFPPTVRKIDAAISDKEKNKTYFFVEDKYWRFDEKRNSMEPGFPKQIAEDFPGIDSKIDAVFEEFGFFYFFTGSSQLEFDPNAKKVTHTLKSNSWLNC,0
MRPS2,MATSSAALPRILGAGARAPSRWLGFLGKATPRPARPSRRTLGSATALMIRESEDSTDFNDKILNEPLKHSDFFNVKELFSVRSLFDARVHLGHKAGCRHRFMEPYIFGSRLDHDIIDLEQTATHLQLALNFTAHMAYRKGIILFISRNRQFSYLIENMARDCGEYAHTRYFRGGMLTNARLLFGPTVRLPDLIIFLHTLNNIFEPHVAVRDAAKMNIPTVGIVDTNCNPCLITYPVPGNDDSPLAVHLYCRLFQTAITRAKEKRQQVEALYRLQGQKEPGDQGPAHPPGADMSHSL,0
NAGLU,MEAVAVAAAVGVLLLAGAGGAAGDEAREAAAVRALVARLLGPGPAADFSVSVERALAAKPGLDTYSLGGGGAARVRVRGSTGVAAAAGLHRYLRDFCGCHVAWSGSQLRLPRPLPAVPGELTEATPNRYRYYQNVCTQSYSFVWWDWARWEREIDWMALNGINLALAWSGQEAIWQRVYLALGLTQAEINEFFTGPAFLAWGRMGNLHTWDGPLPPSWHIKQLYLQHRVLDQMRSFGMTPVLPAFAGHVPEAVTRVFPQVNVTKMGSWGHFNCSYSCSFLLAPEDPIFPIIGSLFLRELIKEFGTDHIYGADTFNEMQPPSSEPSYLAAATTAVYEAMTAVDTEAVWLLQGWLFQHQPQFWGPAQIRAVLGAVPRGRLLVLDLFAESQPVYTRTASFQGQPFIWCMLHNFGGNHGLFGALEAVNGGPEAARLFPNSTMVGTGMAPEGISQNEVVYSLMAELGWRKDPVPDLAAWVTSFAARRYGVSHPDAGAAWRLLLRSVYNCSGEACRGHNRSPLVRRPSLQMNTSIWYNRSDVFEAWRLLLTSAPSLATSPAFRYDLLDLTRQAVQELVSLYYEEARSAYLSKELASLLRAGGVLAYELLPALDEVLASDSRFLLGSWLEQARAAAVSEAEADFYEQNSRYQLTLWGPEGNILDYANKQLAGLVANYYTPRWRLFLEALVDSVAQGIPFQQHQFDKNVFQLEQAFVLSKQRYPSQPRGDTVDLAKKIFLKYYPRWVAGSW,0
NCAPG,MGAERRLLSIKEAFRLAQQPHQNQAKLVVALSRTYRTMDDKTVFHEEFIHYLKYVMVVYKREPAVERVIEFAAKFVTSFHQSDMEDDEEEEDGGLLNYLFTFLLKSHEANSNAVRFRVCLLINKLLGSMPENAQIDDDVFDKINKAMLIRLKDKIPNVRIQAVLALSRLQDPKDDECPVVNAYATLIENDSNPEVRRAVLSCIAPSAKTLPKIVGRTKDVKEAVRKLAYQVLAEKVHMRAMSIAQRVMLLQQGLNDRSDAVKQAMQKHLLQGWLRFSEGNILELLHRLDVENSSEVAVSVLNALFSITPLSELVGLCKNNDGRKLIPVETLTPEIALYWCALCEYLKSKGDEGEEFLEQILPEPVVYADYLLSYIQSIPVVNEEHRGDFSYIGNLMTKEFIGQQLILIIKSLDTSEEGGRKKLLAVLQEILILPTIPISLVSFLVERLLHIIIDDNKRTQIVTEIISEIRAPIVTVGVNNDPADVRKKELKMAEIKVKLIEAKEALENCITLQDFNRASELKEEIKALEDARINLLKETEQLEIKEVHIEKNDAETLQKCLILCYELLKQMSISTGLSATMNGIIESLILPGIISIHPVVRNLAVLCLGCCGLQNQDFARKHFVLLLQVLQIDDVTIKISALKAIFDQLMTFGIEPFKTKKIKTLHCEGTEINSDDEQESKEVEETATAKNVLKLLSDFLDSEVSELRTGAAEGLAKLMFSGLLVSSRILSRLILLWYNPVTEEDVQLRHCLGVFFPVFAYASRTNQECFEEAFLPTLQTLANAPASSPLAEIDITNVAELLVDLTRPSGLNPQAKTSQDYQALTVHDNLAMKICNEILTSPCSPEIRVYTKALSSLELSSHLAKDLLVLLNEILEQVKDRTCLRALEKIKIQLEKGNKEFGDQAEAAQDATLTTTTFQNEDEKNKEVYMTPLRGVKATQASKSTQLKTNRGQRKVTVSARTNRRCQTAEADSESDHEVPEPESEMKMRLPRRAKTAALEKSKLNLAQFLNEDLS,0
NLK,MSLCGARANAKMMAAYNGGTSAAAAGHHHHHHHHLPHLPPPHLHHHHHPQHHLHPGSAAAVHPVQQHTSSAAAAAAAAAAAAAMLNPGQQQPYFPSPAPGQAPGPAAAAPAQVQAAAAATVKAHHHQHSHHPQQQLDIEPDRPIGYGAFGVVWSVTDPRDGKRVALKKMPNVFQNLVSCKRVFRELKMLCFFKHDNVLSALDILQPPHIDYFEEIYVVTELMQSDLHKIIVSPQPLSSDHVKVFLYQILRGLKYLHSAGILHRDIKPGNLLVNSNCVLKICDFGLARVEELDESRHMTQEVVTQYYRAPEILMGSRHYSNAIDIWSVGCIFAELLGRRILFQAQSPIQQLDLITDLLGTPSLEAMRTACEGAKAHILRGPHKQPSLPVLYTLSSQATHEAVHLLCRMLVFDPSKRISAKDALAHPYLDEGRLRYHTCMCKCCFSTSTGRVYTSDFEPVTNPKFDDTFEKNLSSVRQVKEIIHQFILEQQKGNRVPLCINPQSAAFKSFISSTVAQPSEMPPSPLVWE,0
NME6,MASILRSPQALQLTLALIKPDAVAHPLILEAVHQQILSNKFLIVRMRELLWRKEDCQRFYREHEGRFFYQRLVEFMASGPIRAYILAHKDAIQLWRTLMGPTRVFRARHVAPDSIRGSFGLTDTRNTTHGSDSVVSASREIAAFFPDFSEQRWYEEEEPQLRCGPVCYSPEGGVHYVAGTGGLGPA,0
NT5C,MARSVRVLVDMDGVLADFEAGLLRGFRRRFPEEPHVPLEQRRGFLAREQYRALRPDLADKVASVYEAPGFFLDLEPIPGALDAVREMNDLPDTQVFICTSPLLKYHHCVGEKYRWVEQHLGPQFVERIILTRDKTVVLGDLLIDDKDTVRGQEETPSWEHILFTCCHNRHLVLPPTRRRLLSWSDNWREILDSKRGAAQRE,0
OR10J5,MKRKNFTEVSEFIFLGFSSFGKHQITLFVVFLTVYILTLVANIIIVTIICIDHHLHTPMYFFLSMLASSETVYTLVIVPRMLLSLIFHNQPISLAGCATQMFFFVILATNNCFLLTAMGYDRYVAICRPLRYTVIMSKGLCAQLVCGSFGIGLTMAVLHVTAMFNLPFCGTVVDHFFCDIYPVMKLSCIDTTINEIINYGVSSFVIFVPIGLIFISYVLVISSILQIASAEGRKKTFATCVSHLTVVIVHCGCASIAYLKPKSESSIEKDLVLSVTYTIITPLLNPVVYSLRNKEVKDALCRVVGRNIS,0
OR13C9,MEWENQTILVEFFLKGHSVHPRLELLFFVLIFIMYVVILLGNGTLILISILDPHLHTPMYFFLGNLSFLDICYTTTSIPSTLVSFLSERKTISFSGCAVQMFLGLAMGTTECVLLGMMAFDRYVAICNPLRYPIIMSKNAYVPMAVGSWFAGIVNSAVQTTFVVQLPFCRKNVINHFSCEILAVMKLACADISGNEFLMLVATILFTLMPLLLIVISYSLIISSILKIHSSEGRSKAFSTCSAHLTVVIIFYGTILFMYMKPKSKETLNSDDLDATDKIISMFYGVMTPMMNPLIYSLRNKDVKEAVKHLPNRRFFSK,0
OR4F6,MDEANHSVVSEFVFLGLSDSRKIQLLLFLFFSVFYVSSLMGNLLIVLTVTSDPRLQSPMYFLLANLSIINLVFCSSTAPKMIYDLFRKHKTISFGGCVVQIFFIHAVGGTEMVLLIAMAFDRYVAICKPLHYLTIMNPQRCILFLVISWIIGIIHSVIQLAFVVDLLFCGPNELDSFFCDLPRFIKLACIETYTLGFMVTANSGFISLASFLILIISYIFILVTVQKKSSGGIFKAFSMLSAHVIVVVLVFGPLIFFYIFPFPTSHLDKFLAIFDAVITPVLNPVIYTFRNKEMMVAMRRRCSQFVNYSKIF,0
OR8H2,MMGRRNNTNVADFILMGLTLSEEIQMALFMLFLLIYLITMLGNVGMILIIRLDLQLHTPMYFFLTHLSFIDLSYSTVVTPKTLANLLTSNYISFTGCFAQMFFFAFLGTAECYLLSSMAHDRYAAICSPLHYTVIMSKRLCLALITGPYVIGFIDSFVNVVSMSRLHFYDSNVIHHFFCDTSPILALSCTDTYNTEILIFIIVGSTLMVSLFTISASYVFILFTILKINSTSGKQKAFSTCVSHLLGVTIFYSTLIFTYLKPRKSYSLGRDQVASVFYTIVIPVLNPLIYSLRNKEVKNAVIRVMQRRQDSR,0
PCDHB10,MAVRELCFPRQRQVLFLFLFWGVSLAGSGFGRYSVTEETEKGSFVVNLAKDLGLAEGELAARGTRVVSDDNKQYLLLDSHTGNLLTNEKLDREKLCGPKEPCMLYFQILMDDPFQIYRAELRVRDINDHAPVFQDKETVLKISENTAEGTAFRLERAQDPDGGLNGIQNYTISPNSFFHINISGGDEGMIYPELVLDKALDREEQGELSLTLTALDGGSPSRSGTSTVRIVVLDVNDNAPQFAQALYETQAPENSPIGFLIVKVWAEDVDSGVNAEVSYSFFDASENIRTTFQINPFSGEIFLRELLDYELVNSYKINIQAMDGGGLSARCRVLVEVLDTNDNPPELIVSSFSNSVAENSPETPLAVFKINDRDSGENGKMVCYIQENLPFLLKPSVENFYILITEGALDREIRAEYNITITVTDLGTPRLKTEHNITVLVSDVNDNAPAFTQTSYTLFVRENNSPALHIGSVSATDRDSGTNAQVTYSLLPPQDPHLPLASLVSINADNGHLFALRSLDYEALQAFEFRVGATDRGSPALSREALVRVLVLDANDNSPFVLYPLQNGSAPCTELVPRAAEPGYLVTKVVAVDGDSGQNAWLSYQLLKATEPGLFGVWAHNGEVRTARLLSERDAAKHRLVVLVKDNGEPPRSATATLHLLLVDGFSQPYLPLPEAAPAQAQAEADLLTVYLVVALASVSSLFLLSVLLFVAVRLCRRSRAASVGRCSVPEGPFPGHLVDVRGAETLSQSYQYEVCLTGGPGTSEFKFLKPVISDIQAQGPGRKGEENSTFRNSFGFNIQ,0
PEX13,MASQPPPPPKPWETRRIPGAGPGPGPGPTFQSADLGPTLMTRPGQPALTRVPPPILPRPSQQTGSSSVNTFRPAYSSFSSGYGAYGNSFYGGYSPYSYGYNGLGYNRLRVDDLPPSRFVQQAEESSRGAFQSIESIVHAFASVSMMMDATFSAVYNSFRAVLDVANHFSRLKIHFTKVFSAFALVRTIRYLYRRLQRMLGLRRGSENEDLWAESEGTVACLGAEDRAATSAKSWPIFLFFAVILGGPYLIWKLLSTHSDEVTDSINWASGEDDHVVARAEYDFAAVSEEEISFRAGDMLNLALKEQQPKVRGWLLASLDGQTTGLIPANYVKILGKRKGRKTVESSKVSKQQQSFTNPTLTKGATVADSLDEQEAAFESVFVETNKVPVAPDSIGKDGEKQDL,0
PGBD5,MAEGGGGARRRAPALLEAARARYESLHISDDVFGESGPDSGGNPFYSTSAASRSSSAASSDDEREPPGPPGAAPPPPRAPDAQEPEEDEAGAGWSAALRDRPPPRFEDTGGPTRKMPPSASAVDFFQLFVPDNVLKNMVVQTNMYAKKFQERFGSDGAWVEVTLTEMKAFLGYMISTSISHCESVLSIWSGGFYSNRSLALVMSQARFEKILKYFHVVAFRSSQTTHGLYKVQPFLDSLQNSFDSAFRPSQTQVLHEPLIDEDPVFIATCTERELRKRKKRKFSLWVRQCSSTGFIIQIYVHLKEGGGPDGLDALKNKPQLHSMVARSLCRNAAGKNYIIFTGPSITSLTLFEEFEKQGIYCCGLLRARKSDCTGLPLSMLTNPATPPARGQYQIKMKGNMSLICWYNKGHFRFLTNAYSPVQQGVIIKRKSGEIPCPLAVEAFAAHLSYICRYDDKYSKYFISHKPNKTWQQVFWFAISIAINNAYILYKMSDAYHVKRYSRAQFGERLVRELLGLEDASPTH,0
PHLDA2,MKSPDEVLREGELEKRSDSLFQLWKKKRGVLTSDRLSLFPASPRARPKELRFHSILKVDCVERTGKYVYFTIVTTDHKEIDFRCAGESCWNAAIALALIDFQNRRALQDFRSRQERTAPAAPAEDAVAAAAAAPSEPSEPSRPSPQPKPRTP,0
PIR,MGSSKKVTLSVLSREQSEGVGARVRRSIGRPELKNLDPFLLFDEFKGGRPGGFPDHPHRGFETVSYLLEGGSMAHEDFCGHTGKMNPGDLQWMTAGRGILHAEMPCSEEPAHGLQLWVNLRSSEKMVEPQYQELKSEEIPKPSKDGVTVAVISGEALGIKSKVYTRTPTLYLDFKLDPGAKHSQPIPKGWTSFIYTISGDVYIGPDDAQQKIEPHHTAVLGEGDSVQVENKDPKRSHFVLIAGEPLREPVIQHGPFVMNTNEEISQAILDFRNAKNGFERAKTWKSKIGN,0
PLEKHA2,MPYVDRQNRICGFLDIEEHENSGKFLRRYFILDTQANCLLWYMDNPQNLAMGAGAVGALQLTYISKVSIATPKQKPKTPFCFVINALSQRYFLQANDQKDMKDWVEALNQASKITVPKGGGLPMTTEVLKSLAAPPALEKKPQVAYKTEIIGGVVVHTPISQNGGDGQEGSEPGSHTILRRSQSYIPTSGCRASTGPPLIKSGYCVKQGNVRKSWKRRFFALDDFTICYFKCEQDREPLRTIFLKDVLKTHECLVKSGDLLMRDNLFEIITSSRTFYVQADSPEDMHSWIKEIGAAVQALKCHPRETSFSRSISLTRPGSSSLSSGPNSILCRGRPPLEEKKALCKAPSVASSWQPWTPVPQAGEKLLPPGDTSEDSLFTPRPGEGAPPGVLPSSRIRHRSEPQHPKEKPFMFNLDDENIRTSDV,0
PODNL1,MAESGLAMWPSLLLLLLLPGPPPVAGLEDAAFPHLGESLQPLPRACPLRCSCPRVDTVDCDGLDLRVFPDNITRAAQHLSLQNNQLQELPYNELSRLSGLRTLNLHNNLISSEGLPDEAFESLTQLQHLCVAHNKLSVAPQFLPRSLRVADLAANQVMEIFPLTFGEKPALRSVYLHNNQLSNAGLPPDAFRGSEAIATLSLSNNQLSYLPPSLPPSLERLHLQNNLISKVPRGALSRQTQLRELYLQHNQLTDSGLDATTFSKLHSLEYLDLSHNQLTTVPAGLPRTLAILHLGRNRIRQVEAARLHGARGLRYLLLQHNQLGSSGLPAGALRPLRGLHTLHLYGNGLDRVPPALPRRLRALVLPHNHVAALGARDLVATPGLTELNLAYNRLASARVHHRAFRRLRALRSLDLAGNQLTRLPMGLPTGLRTLQLQRNQLRMLEPEPLAGLDQLRELSLAHNRLRVGDIGPGTWHELQALQVRHRLVSHTVPRAPPSPCLPCHVPNILVSW,0
PPA2,MSALLRLLRTGAPAAACLRLGTSAGTGSRRAMALYHTEERGQPCSQNYRLFFKNVTGHYISPFHDIPLKVNSKEENGIPMKKARNDEYENLFNMIVEIPRWTNAKMEIATKEPMNPIKQYVKDGKLRYVANIFPYKGYIWNYGTLPQTWEDPHEKDKSTNCFGDNDPIDVCEIGSKILSCGEVIHVKILGILALIDEGETDWKLIAINANDPEASKFHDIDDVKKFKPGYLEATLNWFRLYKVPDGKPENQFAFNGEFKNKAFALEVIKSTHQCWKALLMKKCNGGAINCTNVQISDSPFRCTQEEARSLVESVSSSPNKESNEEEQVWHFLGK,0
PPP1R13L,MDSEAFQSARDFLDMNFQSLAMKHMDLKQMELDTAAAKVDELTKQLESLWSDSPAPPGPQAGPPSRPPRYSSSSIPEPFGSRGSPRKAATDGADTPFGRSESAPTLHPYSPLSPKGRPSSPRTPLYLQPDAYGSLDRATSPRPRAFDGAGSSLGRAPSPRPGPGPLRQQGPPTPFDFLGRAGSPRGSPLAEGPQAFFPERGPSPRPPATAYDAPASAFGSSLLGSGGSAFAPPLRAQDDLTLRRRPPKAWNESDLDVAYEKKPSQTASYERLDVFARPASPSLQLLPWRESSLDGLGGTGKDNLTSATLPRNYKVSPLASDRRSDAGSYRRSLGSAGPSGTLPRSWQPVSRIPMPPSSPQPRGAPRQRPIPLSMIFKLQNAFWEHGASRAMLPGSPLFTRAPPPKLQPQPQPQPQPQSQPQPQLPPQPQTQPQTPTPAPQHPQQTWPPVNEGPPKPPTELEPEPEIEGLLTPVLEAGDVDEGPVARPLSPTRLQPALPPEAQSVPELEEVARVLAEIPRPLKRRGSMEQAPAVALPPTHKKQYQQIISRLFHRHGGPGPGGPEPELSPITEGSEARAGPPAPAPPAPIPPPAPSQSSPPEQPQSMEMRSVLRKAGSPRKARRARLNPLVLLLDAALTGELEVVQQAVKEMNDPSQPNEEGITALHNAICGANYSIVDFLITAGANVNSPDSHGWTPLHCAASCNDTVICMALVQHGAAIFATTLSDGATAFEKCDPYREGYADCATYLADVEQSMGLMNSGAVYALWDYSAEFGDELSFREGESVTVLRRDGPEETDWWWAALHGQEGYVPRNYFGLFPRVKPQRSKV,0
PPP1R3E,MSRERPPGTDIPRNLSFIAALTERAYYRSQRPSLEEEPEEEPGEGGTRFGARSRAHAPSRGRRARSAPAGGGGARAPRSRSPDTRKRVRFADALGLELAVVRRFRPGELPRVPRHVQIQLQRDALRHFAPCQPRARGLQEARAALEPASEPGFAARLLTQRICLERAEAGPLGVAGSARVVDLAYEKRVSVRWSADGWRSQREAPAAYAGPAPPPPRADRFAFRLPAPPIGGALLFALRYRVTGHEFWDNNGGRDYALRGPEHPGSGGAPEPQGWIHFI,0
PRMT7,MKIFCSRANPTTGSVEWLEEDEHYDYHQEIARSSYADMLHDKDRNVKYYQGIRAAVSRVKDRGQKALVLDIGTGTGLLSMMAVTAGADFCYAIEVFKPMADAAVKIVEKNGFSDKIKVINKHSTEVTVGPEGDMPCRANILVTELFDTELIGEGALPSYEHAHRHLVEENCEAVPHRATVYAQLVESGRMWSWNKLFPIHVQTSLGEQVIVPPVDVESCPGAPSVCDIQLNQVSPADFTVLSDVLPMFSIDFSKQVSSSAACHSRRFEPLTSGRAQVVLSWWDIEMDPEGKIKCTMAPFWAHSDPEEMQWRDHWMQCVYFLPQEEPVVQGSALYLVAHHDDYCVWYSLQRTSPEKNERVRQMRPVCDCQAHLLWNRPRFGEINDQDRTDRYVQALRTVLKPDSVCLCVSDGSLLSVLAHHLGVEQVFTVESSAASHKLLRKIFKANHLEDKINIIEKRPELLTNEDLQGRKVSLLLGEPFFTTSLLPWHNLYFWYVRTAVDQHLGPGAMVMPQAASLHAVVVEFRDLWRIRSPCGDCEGFDVHIMDDMIKRALDFRESREAEPHPLWEYPCRSLSEPWQILTFDFQQPVPLQPLCAEGTVELRRPGQSHAAVLWMEYHLTPECTLSTGLLEPADPEGGCCWNPHCKQAVYFFSPAPDPRALLGGPRTVSYAVEFHPDTGDIIMEFRHADTPD,0
PROS1,MRVLGGRCGALLACLLLVLPVSEANFLSKQQASQVLVRKRRANSLLEETKQGNLERECIEELCNKEEAREVFENDPETDYFYPKYLVCLRSFQTGLFTAARQSTNAYPDLRSCVNAIPDQCSPLPCNEDGYMSCKDGKASFTCTCKPGWQGEKCEFDINECKDPSNINGGCSQICDNTPGSYHCSCKNGFVMLSNKKDCKDVDECSLKPSICGTAVCKNIPGDFECECPEGYRYNLKSKSCEDIDECSENMCAQLCVNYPGGYTCYCDGKKGFKLAQDQKSCEVVSVCLPLNLDTKYELLYLAEQFAGVVLYLKFRLPEISRFSAEFDFRTYDSEGVILYAESIDHSAWLLIALRGGKIEVQLKNEHTSKITTGGDVINNGLWNMVSVEELEHSISIKIAKEAVMDINKPGPLFKPENGLLETKVYFAGFPRKVESELIKPINPRLDGCIRSWNLMKQGASGIKEIIQEKQNKHCLVTVEKGSYYPGSGIAQFHIDYNNVSSAEGWHVNVTLNIRPSTGTGVMLALVSGNNTVPFAVSLVDSTSEKSQDILLSVENTVIYRIQALSLCSDQQSHLEFRVNRNNLELSTPLKIETISHEDLQRQLAVLDKAMKAKVATYLGGLPDVPFSATPVNAFYNGCMEVNINGVQLDLDEAISKHNDIRAHSCPSVWKKTKNS,0
PRR25,MARTDQKPPCRGGCWGQPGHPNTGGAAAHPTYHPMGHRPRTCILLRGDQTTGGQAPSREISLGPWAAGTHFLAISTTPWGRKTPACISELPTSSGTAQPLANAVCEVQTVPGPGLRPQGTPAMRAPSHKGTPPTPNPWGPEQPQNRHKHPKKGVTGGPSPPPPAASRYGQTPGREPRVQAPGLGPCGRPASGRLLSLHLEKGDGKGTRQRIPLTDAAVGGDRTDIPSAIAAGPARTPDRHGLPIPGSTPTPMVGSGRLGAPVGRSGGGASARSSRPSCANVLLRADASLGTVLSVLWTGQLSRGWALLPPGDAGRHLETSVISAGVAAGIWLVEPGEAAQDPATRRTAPPRRTASPEPPAPGAPLPACPGRIPGAARFGPRSCPLGSPAVLAVTTGWSHRSV,0
PRR7,MVMSQGTYTFLTCFAGFWLIWGLIVLLCCFCSFLRRRLKRRQEERLREQNLRALELEPLELEGSLAGSPPGLAPPQPPPHRSRLEAPAHAHSHPHVHVHPLLHHGPAQPHAHAHPHPHHHALPHPPPTHLSVPPRPWSYPRQAESDMSKPPCYEEAVLMAEPPPPYSEVLTDTRGLYRKIVTPFLSRRDSAEKQEQPPPSYKPLFLDRGYTSALHLPSAPRPAPPCPALCLQADRGRRVFPSWTDSELSSREPLEHGAWRLPVSIPLFGRTTAV,0
PRRG3,MAVFLEAKDAHSVLKRFPRANEFLEELRQGTIERECMEEICSYEEVKEVFENKEKTMEFWKGYPNAVYSVRDPSQSSDAMYVVVPLLGVALLIVIALFIIWRCQLQKATRHHPSYAQNRYLASRAGHTLPRVMVYRGTVHSQGEPSGHREAANSPQVVLGPSRGGRTTVRLESTLYLPELSLSRLSSTTPPPSYEEVTAPQESSSEEASVSYSDPPPKYEEIVAANPGADK,0
PTP4A2,MNRPAPVEISYENMRFLITHNPTNATLNKFTEELKKYGVTTLVRVCDATYDKAPVEKEGIHVLDWPFDDGAPPPNQIVDDWLNLLKTKFREEPGCCVAVHCVAGLGRAPVLVALALIECGMKYEDAVQFIRQKRRGAFNSKQLLYLEKYRPKMRLRFRDTNGHCCVQ,0
RABEP1,MAQPGPASQPDVSLQQRVAELEKINAEFLRAQQQLEQEFNQKRAKFKELYLAKEEDLKRQNAVLQAAQDDLGHLRTQLWEAQAEMENIKAIATVSENTKQEAIDEVKRQWREEVASLQAVMKETVRDYEHQFHLRLEQERTQWAQYRESAEREIADLRRRLSEGQEEENLENEMKKAQEDAEKLRSVVMPMEKEIAALKDKLTEAEDKIKELEASKVKELNHYLEAEKSCRTDLEMYVAVLNTQKSVLQEDAEKLRKELHEVCHLLEQERQQHNQLKHTWQKANDQFLESQRLLMRDMQRMEIVLTSEQLRQVEELKKKDQEDDEQQRLNKRKDHKKADVEEEIKIPVVCALTQEESSAQLSNEEEHLDSTRGSVHSLDAGLLLPSGDPFSKSDNDMFKDGLRRAQSTDSLGTSGSLQSKALGYNYKAKSAGNLDESDFGPLVGADSVSENFDTASLGSLQMPSGFMLTKDQERAIKAMTPEQEETASLLSSVTQGMESAYVSPSGYRLVSETEWNLLQKEVHNAGNKLGRRCDMCSNYEKQLQGIQIQEAETRDQVKKLQLMLRQANDQLEKTMKDKQELEDFIKQSSEDSSHQISALVLRAQASEILLEELQQGLSQAKRDVQEQMAVLMQSREQVSEELVRLQKDNDSLQGKHSLHVSLQQAEDFILPDTTEALRELVLKYREDIINVRTAADHVEEKLKAEILFLKEQIQAEQCLKENLEETLQLEIENCKEEIASISSLKAELERIKVEKGQLESTLREKSQQLESLQEIKISLEEQLKKETAAKATVEQLMFEEKNKAQRLQTELDVSEQVQRDFVKLSQTLQVQLERIRQADSLERIRAILNDTKLTDINQLPET,0
RAD52,MSGTEEAILGGRDSHPAAGGGSVLCFGQCQYTAEEYQAIQKALRQRLGPEYISSRMAGGGQKVCYIEGHRVINLANEMFGYNGWAHSITQQNVDFVDLNNGKFYVGVCAFVRVQLKDGSYHEDVGYGVSEGLKSKALSLEKARKEAVTDGLKRALRSFGNALGNCILDKDYLRSLNKLPRQLPLEVDLTKAKRQDLEPSVEEARYNSCRPNMALGHPQLQQVTSPSRPSHAVIPADQDCSSRSLSSSAVESEATHQRKLRQKQLQQQFRERMEKQQVRVSTPSAEKSEAAPPAPPVTHSTPVTVSEPLLEKDFLAGVTQELIKTLEDNSEKWAVTPDAGDGVVKPSSRADPAQTSDTLALNNQMVTQNRTPHSVCHQKPQAKSGSWDLQTYSADQRTTGNWESHRKSQDMKKRKYDPS,0
RBMY1B,MVEADHPGKLFIGGLNRETNEKMLKAVFGKHGPISEVLLIKDRTSKSRGFAFITFENPADAKNAAKDMNGKSLHGKAIKVEQAKKPSFQSGGRRRPPASSRNRSPSGSLRSARGSRGGTRGWLPSQEGHLDDGGYTPDLKMSYSRGLIPVKRGPSSRSGGPPPKKSAPSAVARSNSWMGSQGPMSQRRENYGVPPRRATISSWRNDRMSTRHDGYATNDGNHPSCQETRDYAPPSRGYAYRDNGHSNRDEHSSRGYRNHRSSRETRDYAPPSRGHAYRDYGHSRRDESYSRGYRNRRSSRETREYAPPSRGHGYRDYGHSRRHESYSRGYRNHPSSRETRDYAPPHRDYAYRDYGHSSWDEHSSRGYSYHDGYGEALGRDHSEHLSGSSYRDALQRYGTSHGAPPARGPRMSYGGSTCHAYSNTRDRYGRSWESYSSCGDFHYCDREHVCRKDQRNPPSLGRVLPDPREAYGSSSYVASIVDGGESRSEKGDSSRY,0
RBP2,MTRDQNGTWEMESNENFEGYMKALDIDFATRKIAVRLTQTKVIDQDGDNFKTKTTSTFRNYDVDFTVGVEFDEYTKSLDNRHVKALVTWEGDVLVCVQKGEKENRGWKQWIEGDKLYLELTCGDQVCRQVFKKK,0
RILPL2,MEEPPVREEEEEEGEEDEERDEVGPEGALGKSPFQLTAEDVYDISYLLGRELMALGSDPRVTQLQFKVVRVLEMLEALVNEGSLALEELKMERDHLRKEVEGLRRQSPPASGEVNLGPNKMVVDLTDPNRPRFTLQELRDVLQERNKLKSQLLVVQEELQCYKSGLIPPREGPGGRREKDAVVTSAKNAGRNKEEKTIIKKLFFFRSGKQT,0
RIPOR1,MMSLSVRPQRRLLSARVNRSQSFAGVLGSHERGPSLSFRSFPVFSPPGPPRKPPALSRVSRMFSVAHPAAKVPQPERLDLVYTALKRGLTAYLEVHQQEQEKLQGQIRESKRNSRLGFLYDLDKQVKSIERFLRRLEFHASKIDELYEAYCVQRRLRDGAYNMVRAYTTGSPGSREARDSLAEATRGHREYTESMCLLESELEAQLGEFHLRMKGLAGFARLCVGDQYEICMKYGRQRWKLRGRIEGSGKQVWDSEETIFLPLLTEFLSIKVTELKGLANHVVVGSVSCETKDLFAALPQVVAVDINDLGTIKLSLEVTWSPFDKDDQPSAASSVNKASTVTKRFSTYSQSPPDTPSLREQAFYNMLRRQEELENGTAWSLSSESSDDSSSPQLSGTARHSPAPRPLVQQPEPLPIQVAFRRPETPSSGPLDEEGAVAPVLANGHAPYSRTLSHISEASVDAALAEASVEAVGPESLAWGPSPPTHPAPTHGEHPSPVPPALDPGHSATSSTLGTTGSVPTSTDPAPSAHLDSVHKSTDSGPSELPGPTHTTTGSTYSAITTTHSAPSPLTHTTTGSTHKPIISTLTTTGPTLNIIGPVQTTTSPTHTMPSPTHTTASPTHTSTSPTHTPTSPTHKTSMSPPTTTSPTPSGMGLVQTATSPTHPTTSPTHPTTSPILINVSPSTSLELATLSSPSKHSDPTLPGTDSLPCSPPVSNSYTQADPMAPRTPHPSPAHSSRKPLTSPAPDPSESTVQSLSPTPSPPTPAPQHSDLCLAMAVQTPVPTAAGGSGDRSLEEALGALMAALDDYRGQFPELQGLEQEVTRLESLLMQRQGLTRSRASSLSITVEHALESFSFLNEDEDEDNDVPGDRPPSSPEAGAEDSIDSPSARPLSTGCPALDAALVRHLYHCSRLLLKLGTFGPLRCQEAWALERLLREARVLEAVCEFSRRWEIPASSAQEVVQFSASRPGFLTFWDQCTERLSCFLCPVERVLLTFCNQYGARLSLRQPGLAEAVCVKFLEDALGQKLPRRPQPGPGEQLTVFQFWSFVETLDSPTMEAYVTETAEEVLLVRNLNSDDQAVVLKALRLAPEGRLRRDGLRALSSLLVHGNNKVMAAVSTQLRSLSLGPTFRERALLCFLDQLEDEDVQTRVAGCLALGCIKAPEGIEPLVYLCQTDTEAVREAARQSLQQCGEEGQSAHRRLEESLDALPRIFGPGSMASTAF,0
RNF217,MGEEQSTVSGGGGPQESQTLASGTAGHPEPPRPQGDSARAPPLRAASAEPSGGGCGSDWGCADTSAPEPARSLGPPGWSKSRAPAQPAGLALTGPLNPQTLPLQLELEEEEEEAGDRKEGGDEQQEAPPGEELEPRTRVGAADGLVLDVLGQRRPSLAKRQVFCSVYCVESDLPEAPASEQLSPPASPPGAPPVLNPPSTRSSFPSPRLSLPTDSLSPDGGSIELEFYLAPEPFSMPSLLGAPPYSGLGGVGDPYVPLMVLMCRVCLEDKPIKPLPCCKKAVCEECLKVYLSAQVQLGQVEIKCPITECFEFLEETTVVYNLTHEDSIKYKYFLELGRIDSSTKPCPQCKHFTTFKKKGHIPTPSRSESKYKIQCPTCQFVWCFKCHSPWHEGVNCKEYKKGDKLLRHWASEIEHGQRNAQKCPKCKIHIQRTEGCDHMTCSQCNTNFCYRCGERYRQLRFFGDHTSNLSIFGCKYRYLPERPHLRRLVRGSVCAGKLFIAPLIMVLGLALGAIAVVIGLFVFPIYCLCKKQRKRSRTGMHW,0
RPL26,MKFNPFVTSDRSKNRKRHFNAPSHIRRKIMSSPLSKELRQKYNVRSMPIRKDDEVQVVRGHYKGQQIGKVVQVYRKKYVIYIERVQREKANGTTVHVGIHPSKVVITRLKLDKDRKKILERKAKSRQVGKEKGKYKEETIEKMQE,0
RPS5,MTEWETAAPAVAETPDIKLFGKWSTDDVQINDISLQDYIAVKEKYAKYLPHSAGRYAAKRFRKAQCPIVERLTNSMMMHGRNNGKKLMTVRIVKHAFEIIHLLTGENPLQVLVNAIINSGPREDSTRIGRAGTVRRQAVDVSPLRRVNQAIWLLCTGAREAAFRNIKTIAECLADELINAAKGSSNSYAIKKKDELERVAKSNR,0
RUFY3,MSALTPPTDMPTPTTDKITQAAMETIYLCKFRVSMDGEWLCLRELDDISLTPDPEPTHEDPNYLMANERMNLMNMAKLSIKGLIESALNLGRTLDSDYAPLQQFFVVMEHCLKHGLKAKKTFLGQNKSFWGPLELVEKLVPEAAEITASVKDLPGLKTPVGRGRAWLRLALMQKKLSEYMKALINKKELLSEFYEPNALMMEEEGAIIAGLLVGLNVIDANFCMKGEDLDSQVGVIDFSMYLKDGNSSKGTEGDGQITAILDQKNYVEELNRHLNATVNNLQAKVDALEKSNTKLTEELAVANNRIITLQEEMERVKEESSYILESNRKGPKQDRTAEGQALSEARKHLKEETQLRLDVEKELEMQISMRQEMELAMKMLEKDVCEKQDALVSLRQQLDDLRALKHELAFKLQSSDLGVKQKSELNSRLEEKTNQMAATIKQLEQSEKDLVKQAKTLNSAANKLIPKHH,0
RWDD1,MTDYGEEQRNELEALESIYPDSFTVLSENPPSFTITVTSEAGENDETVQTTLKFTYSEKYPDEAPLYEIFSQENLEDNDVSDILKLLALQAEENLGMVMIFTLVTAVQEKLNEIVDQIKTRREEEKKQKEKEAEEAEKQLFHGTPVTIENFLNWKAKFDAELLEIKKKRMKEEEQAGKNKLSGKQLFETDHNLDTSDIQFLEDAGNNVEVDESLFQEMDDLELEDDEDDPDYNPADPESDSAD,0
SARM1,MVLTLLLSAYKLCRFFAMSGPRPGAERLAVPGPDGGGGTGPWWAAGGRGPREVSPGAGTEVQDALERALPELQQALSALKQAGGARAVGAGLAEVFQLVEEAWLLPAVGREVAQGLCDAIRLDGGLDLLLRLLQAPELETRVQAARLLEQILVAENRDRVARIGLGVILNLAKEREPVELARSVAGILEHMFKHSEETCQRLVAAGGLDAVLYWCRRTDPALLRHCALALGNCALHGGQAVQRRMVEKRAAEWLFPLAFSKEDELLRLHACLAVAVLATNKEVEREVERSGTLALVEPLVASLDPGRFARCLVDASDTSQGRGPDDLQRLVPLLDSNRLEAQCIGAFYLCAEAAIKSLQGKTKVFSDIGAIQSLKRLVSYSTNGTKSALAKRALRLLGEEVPRPILPSVPSWKEAEVQTWLQQIGFSKYCESFREQQVDGDLLLRLTEEELQTDLGMKSGITRKRFFRELTELKTFANYSTCDRSNLADWLGSLDPRFRQYTYGLVSCGLDRSLLHRVSEQQLLEDCGIHLGVHRARILTAAREMLHSPLPCTGGKPSGDTPDVFISYRRNSGSQLASLLKVHLQLHGFSVFIDVEKLEAGKFEDKLIQSVMGARNFVLVLSPGALDKCMQDHDCKDWVHKEIVTALSCGKNIVPIIDGFEWPEPQVLPEDMQAVLTFNGIKWSHEYQEATIEKIIRFLQGRSSRDSSAGSDTSLEGAAPMGPT,0
SCUBE2,MGVAGRNRPGAAWAVLLLLLLLPPLLLLAGAVPPGRGRAAGPQEDVDECAQGLDDCHADALCQNTPTSYKCSCKPGYQGEGRQCEDIDECGNELNGGCVHDCLNIPGNYRCTCFDGFMLAHDGHNCLDVDECLENNGGCQHTCVNVMGSYECCCKEGFFLSDNQHTCIHRSEEGLSCMNKDHGCSHICKEAPRGSVACECRPGFELAKNQRDCILTCNHGNGGCQHSCDDTADGPECSCHPQYKMHTDGRSCLEREDTVLEVTESNTTSVVDGDKRVKRRLLMETCAVNNGGCDRTCKDTSTGVHCSCPVGFTLQLDGKTCKDIDECQTRNGGCDHFCKNIVGSFDCGCKKGFKLLTDEKSCQDVDECSLDRTCDHSCINHPGTFACACNRGYTLYGFTHCGDTNECSINNGGCQQVCVNTVGSYECQCHPGYKLHWNKKDCVEVKGLLPTSVSPRVSLHCGKSGGGDGCFLRCHSGIHLSSDVTTIRTSVTFKLNEGKCSLKNAELFPEGLRPALPEKHSSVKESFRYVNLTCSSGKQVPGAPGRPSTPKEMFITVEFELETNQKEVTASCDLSCIVKRTEKRLRKAIRTLRKAVHREQFHLQLSGMNLDVAKKPPRTSERQAESCGVGQGHAENQCVSCRAGTYYDGARERCILCPNGTFQNEEGQMTCEPCPRPGNSGALKTPEAWNMSECGGLCQPGEYSADGFAPCQLCALGTFQPEAGRTSCFPCGGGLATKHQGATSFQDCETRVQCSPGHFYNTTTHRCIRCPVGTYQPEFGKNNCVSCPGNTTTDFDGSTNITQCKNRRCGGELGDFTGYIESPNYPGNYPANTECTWTINPPPKRRILIVVPEIFLPIEDDCGDYLVMRKTSSSNSVTTYETCQTYERPIAFTSRSKKLWIQFKSNEGNSARGFQVPYVTYDEDYQELIEDIVRDGRLYASENHQEILKDKKLIKALFDVLAHPQNYFKYTAQESREMFPRSFIRLLRSKVSRFLRPYK,0
SDK2,MWGLLIWTLLALHQIRAARAQDDVSPYFKTEPVRTQVHLEGNRLVLTCMAEGSWPLEFKWLHNNRELTKFSLEYRYMITSLDRTHAGFYRCIVRNRMGALLQRQTEVQVAYMGSFEEGEKHQSVSHGEAAVIRAPRIASFPQPQVTWFRDGRKIPPSSRIAITLENTLVILSTVAPDAGRYYVQAVNDKNGDNKTSQPITLTVENVGGPADPIAPTIIIPPKNTSVVAGTSEVTLECVANARPLIKLHIIWKKDGVLLSGGISDHNRRLTIPNPTGSDAGYYECEAVLRSSSVPSVVRGAYLSVLEPPQFVKEPERHITAEMEKVVDIPCQAKGVPPPSITWYKDAAVVEVEKLTRFRQRNDGGLQISGLVPDDTGMFQCFARNAAGEVQTSTYLAVTSIAPNITRGPLDSTVIDGMSVVLACETSGAPRPAITWQKGERILASGSVQLPRFTPLESGSLLISPTHISDAGTYTCLATNSRGVDEASADLVVWARTRITKPPQDQSVIKGTQASMVCGVTHDPRVTIRYIWEKDGATLGTESHPRIRLDRNGSLHISQTWSGDIGTYTCRVISAGGNDSRSAHLRVRQLPHAPEHPVATLSTVERRAINLTWTKPFDGNSPLIRYILEMSENNAPWTVLLASVDPKATSVTVKGLVPARSYQFRLCAVNDVGKGQFSKDTERVSLPEEPPTAPPQNVIASGRTNQSIMIQWQPPPESHQNGILKGYIIRYCLAGLPVGYQFKNITDADVNNLLLEDLIIWTNYEIEVAAYNSAGLGVYSSKVTEWTLQGVPTVPPGNVHAEATNSTTIRFTWNAPSPQFINGINQGYKLIAWEPEQEEEVTMVTARPNFQDSIHVGFVSGLKKFTEYFTSVLCFTTPGDGPRSTPQLVRTHEDVPGPVGHLSFSEILDTSLKVSWQEPGEKNGILTGYRISWEEYNRTNTRVTHYLPNVTLEYRVTGLTALTTYTIEVAAMTSKGQGQVSASTISSGVPPELPGPPTNLGISNIGPRSVTLQFRPGYDGKTSISRWLVEAQVGVVGEGEEWLLIHQLSNEPDARSMEVPDLNPFTCYSFRMRQVNIVGTSPPSQPSRKIQTLQAPPDMAPANVSLRTASETSLWLRWMPLPEMEYNGNPESVGYKIKYSRSDGHGKTLSHVVQDRVERDYTIEDLEEWTEYRVQVQAFNAIGSGPWSQTVVGRTRESVPSSGPTNVSALATTSSSMLVRWSEVPEADRNGLVLGYKVMYKEKDSDTQPRFWLVEGNSSRSAQLTGLGKYVLYEVQVLAFTRIGDGSPSHPPILERTLDDVPGPPMGILFPEVRTTSVRLIWQPPAAPNGIILAYQITHRLNTTTANTATVEVLAPSARQYTATGLKPESVYLFRITAQTRKGWGEAAEALVVTTEKRDRPQPPSRPMVQQEDVRARSVLLSWEPGSDGLSPVRYYTIQTRELPSGRWALHSASVSHNASSFIVDRLKPFTSYKFRVKATNDIGDSEFSEESESLTTLQAAPDEAPTILSVTPHTTTSVLIRWQPPAEDKINGILLGFRIRYRELLYEGLRGFTLRGINNPGATWAELTSMYSMRNLSRPSLTQYELDNLNKHRRYEIRMSVYNAVGEGPSSPPQEVFVGEAVPTAAPRNVVVHGATATQLDVTWEPPPLDSQNGDIQGYKIYFWEAQRGNLTERVKTLFLAENSVKLKNLTGYTAYMVSVAAFNAAGDGPRSTPTQGQTQQAAPSAPSSVKFSELTTTSVNVSWEAPQFPNGILEGYRLVYEPCSPVDGVSKIVTVDVKGNSPLWLKVKDLAEGVTYRFRIRAKTFTYGPEIEANVTTGPGEGAPGPPGVPIIVRYSSAIAIHWSSGDPGKGPITRYVIEARPSDEGLWDILIKDIPKEVSSYTFSMDILKPGVSYDFRVIAVNDYGFGTPSSPSQSVPAQKANPFYEEWWFLVVIALVGLIFILLLVFVLIIRGQSKKYAKKTDSGNSAKSGALGHSEMMSLDESSFPALELNNRRLSVKNSFCRKNGLYTRSPPRPSPGSLHYSDEDVTKYNDLIPAESSSLTEKPSEISDSQGSDSEYEVDSNHQKAHSFVNHYISDPTYYNSWRRQQKGISRAQAYSYTESDSGEPDHTTVTNSTSTQQGSLFRPKASRTPTPQNPPNPPSQQSTLYRPPSSLAPGSRAPIAGFSSFV,0
SEMG1,MKPNIIFVLSLLLILEKQAAVMGQKGGSKGRLPSEFSQFPHGQKGQHYSGQKGKQQTESKGSFSIQYTYHVDANDHDQSRKSQQYDLNALHKTTKSQRHLGGSQQLLHNKQEGRDHDKSKGHFHRVVIHHKGGKAHRGTQNPSQDQGNSPSGKGISSQYSNTEERLWVHGLSKEQTSVSGAQKGRKQGGSQSSYVLQTEELVANKQQRETKNSHQNKGHYQNVVEVREEHSSKVQTSLCPAHQDKLQHGSKDIFSTQDELLVYNKNQHQTKNLNQDQQHGRKANKISYQSSSTEERRLHYGENGVQKDVSQSSIYSQTEEKAQGKSQKQITIPSQEQEHSQKANKISYQSSSTEERRLHYGENGVQKDVSQRSIYSQTEKLVAGKSQIQAPNPKQEPWHGENAKGESGQSTNREQDLLSHEQKGRHQHGSHGGLDIVIIEQEDDSDRHLAQHLNNDRNPLFT,0
SEPTIN5,MSTGLRYKSKLATPEDKQDIDKQYVGFATLPNQVHRKSVKKGFDFTLMVAGESGLGKSTLVHSLFLTDLYKDRKLLSAEERISQTVEILKHTVDIEEKGVKLKLTIVDTPGFGDAVNNTECWKPITDYVDQQFEQYFRDESGLNRKNIQDNRVHCCLYFISPFGHGLRPVDVGFMKALHEKVNIVPLIAKADCLVPSEIRKLKERIREEIDKFGIHVYQFPECDSDEDEDFKQQDRELKESAPFAVIGSNTVVEAKGQRVRGRLYPWGIVEVENQAHCDFVKLRNMLIRTHMHDLKDVTCDVHYENYRAHCIQQMTSKLTQDSRMESPIPILPLPTPDAETEKLIRMKDEELRRMQEMLQRMKQQMQDQ,0
SHMT2,MLYFSLFWAARPLQRCGQLVRMAIRAQHSNAAQTQTGEANRGWTGQESLSDSDPEMWELLQREKDRQCRGLELIASENFCSRAALEALGSCLNNKYSEGYPGKRYYGGAEVVDEIELLCQRRALEAFDLDPAQWGVNVQPYSGSPANLAVYTALLQPHDRIMGLDLPDGGHLTHGYMSDVKRISATSIFFESMPYKLNPKTGLIDYNQLALTARLFRPRLIIAGTSAYARLIDYARMREVCDEVKAHLLADMAHISGLVAAKVIPSPFKHADIVTTTTHKTLRGARSGLIFYRKGVKAVDPKTGREIPYTFEDRINFAVFPSLQGGPHNHAIAAVAVALKQACTPMFREYSLQVLKNARAMADALLERGYSLVSGGTDNHLVLVDLRPKGLDGARAERVLELVSITANKNTCPGDRSAITPGGLRLGAPALTSRQFREDDFRRVVDFIDEGVNIGLEVKSKTAKLQDFKSFLLKDSETSQRLANLRQRVEQFARAFPMPGFDEH,0
SLC25A18,MTHQDLSITAKLINGGVAGLVGVTCVFPIDLAKTRLQNQHGKAMYKGMIDCLMKTARAEGFFGMYRGAAVNLTLVTPEKAIKLAANDFFRRLLMEDGMQRNLKMEMLAGCGAGMCQVVVTCPMEMLKIQLQDAGRLAVHHQGSASAPSTSRSYTTGSASTHRRPSATLIAWELLRTQGLAGLYRGLGATLLRDIPFSIIYFPLFANLNNLGFNELAGKASFAHSFVSGCVAGSIAAVAVTPLDVLKTRIQTLKKGLGEDMYSGITDCARKLWIQEGPSAFMKGAGCRALVIAPLFGIAQGVYFIGIGERILKCFD,0
SLC25A2,MKSGPGIQAAIDLTAGAAGGTACVLTGQPFDTIKVKMQTFPDLYKGLTDCFLKTYAQVGLRGFYKGTGPALMAYVAENSVLFMCYGFCQQFVRKVAGMDKQAKLSDLQTAAAGSFASAFAALALCPTELVKCRLQTMYEMEMSGKIAKSHNTIWSVVKGILKKDGPLGFYHGLSSTLLQEVPGYFFFFGGYELSRSFFASGRSKDELGPVHLMLSGGVAGICLWLVVFPVDCIKSRIQVLSMYGKQAGFIGTLLSVVRNEGIVALYSGLKATMIRAIPANGALFVAYEYSRKMMMKQLEAY,0
SLC28A1,MENDPSRRRESISLTPVAKGLENMGADFLESLEEGQLPRSDLSPAEIRSSWSEAAPKPFSRWRNLQPALRARSFCREHMQLFRWIGTGLLCTGLSAFLLVACLLDFQRALALFVLTCVVLTFLGHRLLKRLLGPKLRRFLKPQGHPRLLLWFKRGLALAAFLGLVLWLSLDTSQRPEQLVSFAGICVFVALLFACSKHHCAVSWRAVSWGLGLQFVLGLLVIRTEPGFIAFEWLGEQIRIFLSYTKAGSSFVFGEALVKDVFAFQVLPIIVFFSCVISVLYHVGLMQWVILKIAWLMQVTMGTTATETLSVAGNIFVSQTEAPLLIRPYLADMTLSEVHVVMTGGYATIAGSLLGAYISFGIDATSLIAASVMAAPCALALSKLVYPEVEESKFRREEGVKLTYGDAQNLIEAASTGAAISVKVVANIAANLIAFLAVLDFINAALSWLGDMVDIQGLSFQLICSYILRPVAFLMGVAWEDCPVVAELLGIKLFLNEFVAYQDLSKYKQRRLAGAEEWVGDRKQWISVRAEVLTTFALCGFANFSSIGIMLGGLTSMVPQRKSDFSQIVLRALFTGACVSLVNACMAGILYMPRGAEVDCMSLLNTTLSSSSFEIYQCCREAFQSVNPEFSPEALDNCCRFYNHTICAQ,0
SLC35G2,MDTSPSRKYPVKKRVKIHPNTVMVKYTSHYPQPGDDGYEEINEGYGNFMEENPKKGLLSEMKKKGRAFFGTMDTLPPPTEDPMINEIGQFQSFAEKNIFQSRKMWIVLFGSALAHGCVALITRLVSDRSKVPSLELIFIRSVFQVLSVLVVCYYQEAPFGPSGYRLRLFFYGVCNVISITCAYTSFSIVPPSNGTTMWRATTTVFSAILAFLLVDEKMAYVDMATVVCSILGVCLVMIPNIVDEDNSLLNAWKEAFGYTMTVMAGLTTALSMIVYRSIKEKISMWTALFTFGWTGTIWGISTMFILQEPIIPLDGETWSYLIAICVCSTAAFLGVYYALDKFHPALVSTVQHLEIVVAMVLQLLVLHIFPSIYDVFGGVIIMISVFVLAGYKLYWRNLRKQDYQEILDSPIK,0
SOGA1,MLEMRDVYMEEDVYQLQELRQQLDQASKTCRILQYRLRKAERRSLRAAQTGQVDGELIRGLEQDVKVSKDISMRLHKELEVVEKKRARLEEENEELRQRLIETELAKQVLQTELERPREHSLKKRGTRSLGKADKKTLVQEDSADLKCQLHFAKEESALMCKKLTKLAKENDSMKEELLKYRSLYGDLDSALSAEELADAPHSRETELKVHLKLVEEEANLLSRRIVELEVENRGLRAEMDDMKDHGGGCGGPEARLAFSALGGGECGESLAELRRHLQFVEEEAELLRRSSAELEDQNKLLLNELAKFRSEHELDVALSEDSCSVLSEPSQEELAAAKLQIGELSGKVKKLQYENRVLLSNLQRCDLASCQSTRPMLETDAEAGDSAQCVPAPLGETHESHAVRLCRAREAEVLPGLREQAALVSKAIDVLVADANGFTAGLRLCLDNECADFRLHEAPDNSEGPRDTKLIHAILVRLSVLQQELNAFTRKADAVLGCSVKEQQESFSSLPPLGSQGLSKEILLAKDLGSDFQPPDFRDLPEWEPRIREAFRTGDLDSKPDPSRSFRPYRAEDNDSYASEIKELQLVLAEAHDSLRGLQEQLSQERQLRKEEADNFNQKMVQLKEDQQRALLRREFELQSLSLQRRLEQKFWSQEKNMLVQESQQFKHNFLLLFMKLRWFLKRWRQGKVLPSEGDDFLEVNSMKELYLLMEEEEINAQHSDNKACTGDSWTQNTPNEYIKTLADMKVTLKELCWLLRDERRGLTELQQQFAKAKATWETERAELKGHTSQMELKTGKGAGERAGPDWKAALQREREEQQHLLAESYSAVMELTRQLQISERNWSQEKLQLVERLQGEKQQVEQQVKELQNRLSQLQKAADPWVLKHSELEKQDNSWKETRSEKIHDKEAVSEVELGGNGLKRTKSVSSMSEFESLLDCSPYLAGGDARGKKLPNNPAFGFVSSEPGDPEKDTKEKPGLSSRDCNHLGALACQDPPGRQMQRSYTAPDKTGIRVYYSPPVARRLGVPVVHDKEGKIIIEPGFLFTTAKPKESAEADGLAESSYGRWLCNFSRQRLDGGSAGSPSAAGPGFPAALHDFEMSGNMSDDMKEITNCVRQAMRSGSLERKVKSTSSQTVGLASVGTQTIRTVSVGLQTDPPRSSLHGKAWSPRSSSLVSVRSKQISSSLDKVHSRIERPCCSPKYGSPKLQRRSVSKLDSSKDRSLWNLHQGKQNGSAWARSTTTRDSPVLRNINDGLSSLFSVVEHSGSTESVWKLGMSETRAKPEPPKYGIVQEFFRNVCGRAPSPTSSAGEEGTKKPEPLSPASYHQPEGVARILNKKAAKLGSSEEVRLTMLPQVGKDGVLRDGDGAVVLPNEDAVCDCSTQSLTSCFARSSRSAIRHSPSKCRLHPSESSWGGEERALPPSE,0
SRMS,MEPFLRRRLAFLSFFWDKIWPAGGEPDHGTPGSLDPNTDPVPTLPAEPCSPFPQLFLALYDFTARCGGELSVRRGDRLCALEEGGGYIFARRLSGQPSAGLVPITHVAKASPETLSDQPWYFSGVSRTQAQQLLLSPPNEPGAFLIRPSESSLGGYSLSVRAQAKVCHYRVSMAADGSLYLQKGRLFPGLEELLTYYKANWKLIQNPLLQPCMPQKAPRQDVWERPHSEFALGRKLGEGYFGEVWEGLWLGSLPVAIKVIKSANMKLTDLAKEIQTLKGLRHERLIRLHAVCSGGEPVYIVTELMRKGNLQAFLGTPEGRALRLPPLLGFACQVAEGMSYLEEQRVVHRDLAARNVLVDDGLACKVADFGLARLLKDDIYSPSSSSKIPVKWTAPEAANYRVFSQKSDVWSFGVLLHEVFTYGQCPYEGMTNHETLQQIMRGYRLPRPAACPAEVYVLMLECWRSSPEERPSFATLREKLHAIHRCHP,0
STOM,MAEKRHTRDSEAQRLPDSFKDSPSKGLGPCGWILVAFSFLFTVITFPISIWMCIKIIKEYERAIIFRLGRILQGGAKGPGLFFILPCTDSFIKVDMRTISFDIPPQEILTKDSVTISVDGVVYYRVQNATLAVANITNADSATRLLAQTTLRNVLGTKNLSQILSDREEIAHNMQSTLDDATDAWGIKVERVEIKDVKLPVQLQRAMAAEAEASREARAKVIAAEGEMNASRALKEASMVITESPAALQLRYLQTLTTIAAEKNSTIVFPLPIDMLQGIIGAKHSHLG,0
TC2N,MATEFIKSCCGGCFYGETEKHNFSVERDFKAAVPNSQNATISVPPLTSVSVKPQLGCTEDYLLSKLPSDGKEVPFVVPKFKLSYIQPRTQETPSHLEELEGSARASFGDRKVELSSSSQHGPSYDVYNPFYMYQHISPDLSRRFPPRSEVKRLYGSVCDLRTNKLPGSPGLSKSMFDLTNSSQRFIQRHDSLSSVPSSSSSRKNSQGSNRSLDTITLSGDERDFGRLNVKLFYNSSVEQIWITVLQCRDLSWPSSYGDTPTVSIKGILTLPKPVHFKSSAKEGSNAIEFMETFVFAIKLQNLQTVRLVFKIQTQTPRKKTIGECSMSLRTLSTQEMDYSLDITPPSKISVCHAELELGTCFQAVNSRIQLQILEARYLPSSSTPLTLSFFVKVGMFSSGELIYKKKTRLLKASNGRVKWGETMIFPLIQSEKEIVFLIKLYSRSSVRRKHFVGQIWISEDSNNIEAVNQWKETVINPEKVVIRWHKLNPS,0
TEX44,MALPGYPLGNVDDSRSKDSPAGEPQGQVPLTADVLAVSSSVASTDWQDIDQASFKTATPRAISTSGDKDKSAVVPEHGQKTPRKITPLLPSQNPSPLQVSMSLQNPAWDRQVQDARTSQSLVVFPSHLLGKDKMSQMASVPEREPESAPSAPSAELQSTQHMEAQPVESDADHVTAGANGQHGPQAASTTKSAEEKAEHPKAPHPEAEALPSDESPVAMGANVVDSLGDLQTWFFPPPPAGSVSPSPGPHEVALGRRPLDSSLYTASEENSYMRSMTSLLDRGEGSISSLADILVWSETTMGMAIATGFLDSGHSTVADLLHSSGPSLRSVPSLVGSVSSAFSSGLVSGTSSALRTITRVLETVEQRTVEGIRSAMRYLTSHLTPRQAQADPNYD,0
THAP4,MVICCAAVNCSNRQGKGEKRAVSFHRFPLKDSKRLIQWLKAVQRDNWTPTKYSFLCSEHFTKDSFSKRLEDQHRLLKPTAVPSIFHLTEKKRGAGGHGRTRRKDASKATGGVRGHSSAATSRGAAGWSPSSSGNPMAKPESRRLKQAALQGEATPRAAQEAASQEQAQQALERTPGDGLATMVAGSQGKAEASATDAGDESATSSIEGGVTDKSGISMDDFTPPGSGACKFIGSLHSYSFSSKHTRERPSVPREPIDRKRLKKDVEPSCSGSSLGPDKGLAQSPPSSSLTATPQKPSQSPSAPPADVTPKPATEAVQSEHSDASPMSINEVILSASGACKLIDSLHSYCFSSRQNKSQVCCLREQVEKKNGELKSLRQRVSRSDSQVRKLQEKLDELRRVSVPYPSSLLSPSREPPKMNPVVEPLSWMLGTWLSDPPGAGTYPTLQPFQYLEEVHISHVGQPMLNFSFNSFHPDTRKPMHRECGFIRLKPDTNKVAFVSAQNTGVVEVEEGEVNGQELCIASHSIARISFAKEPHVEQITRKFRLNSEGKLEQTVSMATTTQPMTQHLHVTYKKVTP,0
TLE5,MGDQVPREQDLAKRSSPGPSPVLNMCNRQSAWATALSPWYCMHAMLAAPFPSWAPRVSPDPGSQVCSHLHLPHSPPLLVPDTSTPTWSSPIAHKRGGTRDELS,0
TRMT112,MKLLTHNLLSSHVRGVGSRGFPLRLQATEVRICPVEFNPNFVARMIPKVEWSAFLEAADNLRLIQVPKGPVEGYEENEEFLRTMHHLLLEVEVIEGTLQCPESGRMFPISRGIPNMLLSEEETES,0
UBE2B,MSTPARRRLMRDFKRLQEDPPVGVSGAPSENNIMQWNAVIFGPEGTPFEDGTFKLVIEFSEEYPNKPPTVRFLSKMFHPNVYADGSICLDILQNRWSPTYDVSSILTSIQSLLDEPNPNSPANSQAAQLYQENKREYEKRVSAIVEQSWNDS,0
UBL4A,MQLTVKALQGRECSLQVPEDELVSTLKQLVSEKLNVPVRQQRLLFKGKALADGKRLSDYSIGPNSKLNLVVKPLEKVLLEEGEAQRLADSPPPQVWQLISKVLARHFSAADASRVLEQLQRDYERSLSRLTLDDIERLASRFLHPEVTETMEKGFSK,0
USP29,MISLKVCGFIQIWSQKTGMTKLKEALIETVQRQKEIKLVVTFKSGKFIRIFQLSNNIRSVVLRHCKKRQSHLRLTLKNNVFLFIDKLSYRDAKQLNMFLDIIHQNKSQQPMKSDDDWSVFESRNMLKEIDKTSFYSICNKPSYQKMPLFMSKSPTHVKKGILENQGGKGQNTLSSDVQTNEDILKEDNPVPNKKYKTDSLKYIQSNRKNPSSLEDLEKDRDLKLGPSFNTNCNGNPNLDETVLATQTLNAKNGLTSPLEPEHSQGDPRCNKAQVPLDSHSQQLQQGFPNLGNTCYMNAVLQSLFAIPSFADDLLTQGVPWEYIPFEALIMTLTQLLALKDFCSTKIKRELLGNVKKVISAVAEIFSGNMQNDAHEFLGQCLDQLKEDMEKLNATLNTGKECGDENSSPQMHVGSAATKVFVCPVVANFEFELQLSLICKACGHAVLKVEPNNYLSINLHQETKPLPLSIQNSLDLFFKEEELEYNCQMCKQKSCVARHTFSRLSRVLIIHLKRYSFNNAWLLVKNNEQVYIPKSLSLSSYCNESTKPPLPLSSSAPVGKCEVLEVSQEMISEINSPLTPSMKLTSESSDSLVLPVEPDKNADLQRFQRDCGDASQEQHQRDLENGSALESELVHFRDRAIGEKELPVADSLMDQGDISLPVMYEDGGKLISSPDTRLVEVHLQEVPQHPELQKYEKTNTFVEFNFDSVTESTNGFYDCKENRIPEGSQGMAEQLQQCIEESIIDEFLQQAPPPGVRKLDAQEHTEETLNQSTELRLQKADLNHLGALGSDNPGNKNILDAENTRGEAKELTRNVKMGDPLQAYRLISVVSHIGSSPNSGHYISDVYDFQKQAWFTYNDLCVSEISETKMQEARLHSGYIFFYMHNGIFEELLRKAENSRLPSTQAGVIPQGEYEGDSLYRPA,0
USP9X,MTATTRGSPVGGNDNQGQAPDGQSQPPLQQNQTSSPDSSNENSPATPPDEQGQGDAPPQLEDEEPAFPHTDLAKLDDMINRPRWVVPVLPKGELEVLLEAAIDLSKKGLDVKSEACQRFFRDGLTISFTKILTDEAVSGWKFEIHRCIINNTHRLVELCVAKLSQDWFPLLELLAMALNPHCKFHIYNGTRPCESVSSSVQLPEDELFARSPDPRSPKGWLVDLLNKFGTLNGFQILHDRFINGSALNVQIIAALIKPFGQCYEFLTLHTVKKYFLPIIEMVPQFLENLTDEELKKEAKNEAKNDALSMIIKSLKNLASRVPGQEETVKNLEIFRLKMILRLLQISSFNGKMNALNEVNKVISSVSYYTHRHGNPEEEEWLTAERMAEWIQQNNILSIVLRDSLHQPQYVEKLEKILRFVIKEKALTLQDLDNIWAAQAGKHEAIVKNVHDLLAKLAWDFSPEQLDHLFDCFKASWTNASKKQREKLLELIRRLAEDDKDGVMAHKVLNLLWNLAHSDDVPVDIMDLALSAHIKILDYSCSQDRDTQKIQWIDRFIEELRTNDKWVIPALKQIREICSLFGEAPQNLSQTQRSPHVFYRHDLINQLQHNHALVTLVAENLATYMESMRLYARDHEDYDPQTVRLGSRYSHVQEVQERLNFLRFLLKDGQLWLCAPQAKQIWKCLAENAVYLCDREACFKWYSKLMGDEPDLDPDINKDFFESNVLQLDPSLLTENGMKCFERFFKAVNCREGKLVAKRRAYMMDDLELIGLDYLWRVVIQSNDDIASRAIDLLKEIYTNLGPRLQVNQVVIHEDFIQSCFDRLKASYDTLCVLDGDKDSVNCARQEAVRMVRVLTVLREYINECDSDYHEERTILPMSRAFRGKHLSFVVRFPNQGRQVDDLEVWSHTNDTIGSVRRCILNRIKANVAHTKIELFVGGELIDPADDRKLIGQLNLKDKSLITAKLTQISSNMPSSPDSSSDSSTGSPGNHGNHYSDGPNPEVESCLPGVIMSLHPRYISFLWQVADLGSSLNMPPLRDGARVLMKLMPPDSTTIEKLRAICLDHAKLGESSLSPSLDSLFFGPSASQVLYLTEVVYALLMPAGAPLADDSSDFQFHFLKSGGLPLVLSMLTRNNFLPNADMETRRGAYLNALKIAKLLLTAIGYGHVRAVAEACQPGVEGVNPMTQINQVTHDQAVVLQSALQSIPNPSSECMLRNVSVRLAQQISDEASRYMPDICVIRAIQKIIWASGCGSLQLVFSPNEEITKIYEKTNAGNEPDLEDEQVCCEALEVMTLCFALIPTALDALSKEKAWQTFIIDLLLHCHSKTVRQVAQEQFFLMCTRCCMGHRPLLFFITLLFTVLGSTARERAKHSGDYFTLLRHLLNYAYNSNINVPNAEVLLNNEIDWLKRIRDDVKRTGETGIEETILEGHLGVTKELLAFQTSEKKFHIGCEKGGANLIKELIDDFIFPASNVYLQYMRNGELPAEQAIPVCGSPPTINAGFELLVALAVGCVRNLKQIVDSLTEMYYIGTAITTCEALTEWEYLPPVGPRPPKGFVGLKNAGATCYMNSVIQQLYMIPSIRNGILAIEGTGSDVDDDMSGDEKQDNESNVDPRDDVFGYPQQFEDKPALSKTEDRKEYNIGVLRHLQVIFGHLAASRLQYYVPRGFWKQFRLWGEPVNLREQHDALEFFNSLVDSLDEALKALGHPAMLSKVLGGSFADQKICQGCPHRYECEESFTTLNVDIRNHQNLLDSLEQYVKGDLLEGANAYHCEKCNKKVDTVKRLLIKKLPPVLAIQLKRFDYDWERECAIKFNDYFEFPRELDMEPYTVAGVAKLEGDNVNPESQLIQQSEQSESETAGSTKYRLVGVLVHSGQASGGHYYSYIIQRNGGDGERNRWYKFDDGDVTECKMDDDEEMKNQCFGGEYMGEVFDHMMKRMSYRRQKRWWNAYILFYERMDTIDQDDELIRYISELAITTRPHQIIMPSAIERSVRKQNVQFMHNRMQYSMEYFQFMKKLLTCNGVYLNPPPGQDHLLPEAEEITMISIQLAARFLFTTGFHTKKVVRGSASDWYDALCILLRHSKNVRFWFAHNVLFNVSNRFSEYLLECPSAEVRGAFAKLIVFIAHFSLQDGPCPSPFASPGPSSQAYDNLSLSDHLLRAVLNLLRREVSEHGRHLQQYFNLFVMYANLGVAEKTQLLKLSVPATFMLVSLDEGPGPPIKYQYAELGKLYSVVSQLIRCCNVSSRMQSSINGNPPLPNPFGDPNLSQPIMPIQQNVADILFVRTSYVKKIIEDCSNSEETVKLLRFCCWENPQFSSTVLSELLWQVAYSYTYELRPYLDLLLQILLIEDSWQTHRIHNALKGIPDDRDGLFDTIQRSKNHYQKRAYQCIKCMVALFSNCPVAYQILQGNGDLKRKWTWAVEWLGDELERRPYTGNPQYTYNNWSPPVQSNETSNGYFLERSHSARMTLAKACELCPEEEPDDQDAPDEHESPPPEDAPLYPHSPGSQYQQNNHVHGQPYTGPAAHHMNNPQRTGQRAQENYEGSEEVSPPQTKDQ,0
VMO1,MERGAGAKLLPLLLLLRATGFTCAQTDGRNGYTAVIEVTSGGPWGDWAWPEMCPDGFFASGFSLKVEPPQGIPGDDTALNGIRLHCARGNVLGNTHVVESQSGSWGEWSEPLWCRGGAYLVAFSLRVEAPTTLGDNTAANNVRFRCSDGEELQGPGLSWGDFGDWSDHCPKGACGLQTKIQGPRGLGDDTALNDARLFCCRS,0
VPS45,MNVVFAVKQYISKMIEDSGPGMKVLLMDKETTGIVSMVYTQSEILQKEVYLFERIDSQNREIMKHLKAICFLRPTKENVDYIIQELRRPKYTIYFIYFSNVISKSDVKSLAEADEQEVVAEVQEFYGDYIAVNPHLFSLNILGCCQGRNWDPAQLSRTTQGLTALLLSLKKCPMIRYQLSSEAAKRLAECVKQVITKEYELFEFRRTEVPPLLLILDRCDDAITPLLNQWTYQAMVHELLGINNNRIDLSRVPGISKDLREVVLSAENDEFYANNMYLNFAEIGSNIKNLMEDFQKKKPKEQQKLESIADMKAFVENYPQFKKMSGTVSKHVTVVGELSRLVSERNLLEVSEVEQELACQNDHSSALQNIKRLLQNPKVTEFDAARLVMLYALHYERHSSNSLPGLMMDLRNKGVSEKYRKLVSAVVEYGGKRVRGSDLFSPKDAVAITKQFLKGLKGVENVYTQHQPFLHETLDHLIKGRLKENLYPYLGPSTLRDRPQDIIVFVIGGATYEEALTVYNLNRTTPGVRIVLGGTTVHNTKSFLEEVLASGLHSRSKESSQVTSRSASRR,0
VWF,MIPARFAGVLLALALILPGTLCAEGTRGRSSTARCSLFGSDFVNTFDGSMYSFAGYCSYLLAGGCQKRSFSIIGDFQNGKRVSLSVYLGEFFDIHLFVNGTVTQGDQRVSMPYASKGLYLETEAGYYKLSGEAYGFVARIDGSGNFQVLLSDRYFNKTCGLCGNFNIFAEDDFMTQEGTLTSDPYDFANSWALSSGEQWCERASPPSSSCNISSGEMQKGLWEQCQLLKSTSVFARCHPLVDPEPFVALCEKTLCECAGGLECACPALLEYARTCAQEGMVLYGWTDHSACSPVCPAGMEYRQCVSPCARTCQSLHINEMCQERCVDGCSCPEGQLLDEGLCVESTECPCVHSGKRYPPGTSLSRDCNTCICRNSQWICSNEECPGECLVTGQSHFKSFDNRYFTFSGICQYLLARDCQDHSFSIVIETVQCADDRDAVCTRSVTVRLPGLHNSLVKLKHGAGVAMDGQDVQLPLLKGDLRIQHTVTASVRLSYGEDLQMDWDGRGRLLVKLSPVYAGKTCGLCGNYNGNQGDDFLTPSGLAEPRVEDFGNAWKLHGDCQDLQKQHSDPCALNPRMTRFSEEACAVLTSPTFEACHRAVSPLPYLRNCRYDVCSCSDGRECLCGALASYAAACAGRGVRVAWREPGRCELNCPKGQVYLQCGTPCNLTCRSLSYPDEECNEACLEGCFCPPGLYMDERGDCVPKAQCPCYYDGEIFQPEDIFSDHHTMCYCEDGFMHCTMSGVPGSLLPDAVLSSPLSHRSKRSLSCRPPMVKLVCPADNLRAEGLECTKTCQNYDLECMSMGCVSGCLCPPGMVRHENRCVALERCPCFHQGKEYAPGETVKIGCNTCVCQDRKWNCTDHVCDATCSTIGMAHYLTFDGLKYLFPGECQYVLVQDYCGSNPGTFRILVGNKGCSHPSVKCKKRVTILVEGGEIELFDGEVNVKRPMKDETHFEVVESGRYIILLLGKALSVVWDRHLSISVVLKQTYQEKVCGLCGNFDGIQNNDLTSSNLQVEEDPVDFGNSWKVSSQCADTRKVPLDSSPATCHNNIMKQTMVDSSCRILTSDVFQDCNKLVDPEPYLDVCIYDTCSCESIGDCACFCDTIAAYAHVCAQHGKVVTWRTATLCPQSCEERNLRENGYECEWRYNSCAPACQVTCQHPEPLACPVQCVEGCHAHCPPGKILDELLQTCVDPEDCPVCEVAGRRFASGKKVTLNPSDPEHCQICHCDVVNLTCEACQEPGGLVVPPTDAPVSPTTLYVEDISEPPLHDFYCSRLLDLVFLLDGSSRLSEAEFEVLKAFVVDMMERLRISQKWVRVAVVEYHDGSHAYIGLKDRKRPSELRRIASQVKYAGSQVASTSEVLKYTLFQIFSKIDRPEASRITLLLMASQEPQRMSRNFVRYVQGLKKKKVIVIPVGIGPHANLKQIRLIEKQAPENKAFVLSSVDELEQQRDEIVSYLCDLAPEAPPPTLPPDMAQVTVGPGLLGVSTLGPKRNSMVLDVAFVLEGSDKIGEADFNRSKEFMEEVIQRMDVGQDSIHVTVLQYSYMVTVEYPFSEAQSKGDILQRVREIRYQGGNRTNTGLALRYLSDHSFLVSQGDREQAPNLVYMVTGNPASDEIKRLPGDIQVVPIGVGPNANVQELERIGWPNAPILIQDFETLPREAPDLVLQRCCSGEGLQIPTLSPAPDCSQPLDVILLLDGSSSFPASYFDEMKSFAKAFISKANIGPRLTQVSVLQYGSITTIDVPWNVVPEKAHLLSLVDVMQREGGPSQIGDALGFAVRYLTSEMHGARPGASKAVVILVTDVSVDSVDAAADAARSNRVTVFPIGIGDRYDAAQLRILAGPAGDSNVVKLQRIEDLPTMVTLGNSFLHKLCSGFVRICMDEDGNEKRPGDVWTLPDQCHTVTCQPDGQTLLKSHRVNCDRGLRPSCPNSQSPVKVEETCGCRWTCPCVCTGSSTRHIVTFDGQNFKLTGSCSYVLFQNKEQDLEVILHNGACSPGARQGCMKSIEVKHSALSVELHSDMEVTVNGRLVSVPYVGGNMEVNVYGAIMHEVRFNHLGHIFTFTPQNNEFQLQLSPKTFASKTYGLCGICDENGANDFMLRDGTVTTDWKTLVQEWTVQRPGQTCQPILEEQCLVPDSSHCQVLLLPLFAECHKVLAPATFYAICQQDSCHQEQVCEVIASYAHLCRTNGVCVDWRTPDFCAMSCPPSLVYNHCEHGCPRHCDGNVSSCGDHPSEGCFCPPDKVMLEGSCVPEEACTQCIGEDGVQHQFLEAWVPDHQPCQICTCLSGRKVNCTTQPCPTAKAPTCGLCEVARLRQNADQCCPEYECVCDPVSCDLPPVPHCERGLQPTLTNPGECRPNFTCACRKEECKRVSPPSCPPHRLPTLRKTQCCDEYECACNCVNSTVSCPLGYLASTATNDCGCTTTTCLPDKVCVHRSTIYPVGQFWEEGCDVCTCTDMEDAVMGLRVAQCSQKPCEDSCRSGFTYVLHEGECCGRCLPSACEVVTGSPRGDSQSSWKSVGSQWASPENPCLINECVRVKEEVFIQQRNVSCPQLEVPVCPSGFQLSCKTSACCPSCRCERMEACMLNGTVIGPGKTVMIDVCTTCRCMVQVGVISGFKLECRKTTCNPCPLGYKEENNTGECCGRCLPTACTIQLRGGQIMTLKRDETLQDGCDTHFCKVNERGEYFWEKRVTGCPPFDEHKCLAEGGKIMKIPGTCCDTCEEPECNDITARLQYVKVGSCKSEVEVDIHYCQGKCASKAMYSIDINDVQDQCSCCSPTRTEPMQVALHCTNGSVVYHEVLNAMECKCSPRKCSK,0
YJEFN3,MSSAAGPDPSEAPEERHFLRALELQPPLADMGRAELSSNATTSLVQRRKQAWGRQSWLEQIWNAGPVCQSTAEAAALERELLEDYRFGRQQLVELCGHASAVAVTKAFPLPALSRKQRTVLVVCGPEQNGAVGLVCARHLRVFEYEPTIFYPTRSLDLLHRDLTTQCEKMDIPFLSYLPTEVQLINEAYGLVVDAVLGPGVEPGEVGGPCTRALATLKLLSIPLVSLDIPSGWDAETGSDSEDGLRPDVLVSLAAPKRCAGRFSGRHHFVAGRFVPDDVRRKFALRLPGYTGTDCVAAL,0
ZBTB10,MSFSEMNRRTLAFRGGGLVTASGGGSTNNNAGGEASAWPPQPQPRQPPPPAPPALQPPNGRGADEEVELEGLEPQDLEASAGPAAGAAEEAKELLLPQDAGGPTSLGGGAGGPLLAERNRRTLAFRGGGGGGLGNNGSSRGRPETSVWPLRHFNGRGPATVDLELDALEGKELMQDGASLSDSTEDEEEGASLGDGSGAEGGSCSSSRRSGGDGGDEVEGSGVGAGEGETVQHFPLARPKSLMQKLQCSFQTSWLKDFPWLRYSKDTGLMSCGWCQKTPADGGSVDLPPVGHDELSRGTRNYKKTLLLRHHVSTEHKLHEANAQESEIPSEEGYCDFNSRPNENSYCYQLLRQLNEQRKKGILCDVSIVVSGKIFKAHKNILVAGSRFFKTLYCFSNKESPNQNNTTHLDIAAVQGFSVILDFLYSGNLVLTSQNAIEVMTVASYLQMSEVVQTCRNFIKDALNISIKSEAPESVVVDYNNRKPVNRDGLSSSRDQKIASFWATRNLTNLASNVKIENDGCNVDEGQIENYQMNDSSWVQDGSPEMAENESEGQTKVFIWNNMGSQGIQETGKTRRKNQTTKRFIYNIPPNNETNLEDCSVMQPPVAYPEENTLLIKEEPDLDGALLSGPDGDRNVNANLLAEAGTSQDGGDAGTSHDFKYGLMPGPSNDFKYGLIPGTSNDFKYGLIPGASNDFKYGLLPESWPKQETWENGESSLIMNKLKCPHCSYVAKYRRTLKRHLLIHTGVRSFSCDICGKLFTRREHVKRHSLVHKKDKKYKCMVCKKIFMLAASVGIRHGSRRYGVCVDCADKSQPGGQEGVDQGQDTEFPRDEEYEENEVGEADEELVDDGEDQNDPSRWDESGEVCMSLDD,0
ZNF135,MTPGVRVSTDPEQVTFEDVVVGFSQEEWGQLKPAQRTLYRDVMLDTFRLLVSVGHWLPKPNVISLLEQEAELWAVESRLPQGVYPDLETRPKVKLSVLKQGISEEISNSVILVERFLWDGLWYCRGEDTEGHWEWSCESLESLAVPVAFTPVKTPVLEQWQRNGFGENISLNPDLPHQPMTPERQSPHTWGTRGKREKPDLNVLQKTCVKEKPYKCQECGKAFSHSSALIEHHRTHTGERPYECHECLKGFRNSSALTKHQRIHTGEKPYKCTQCGRTFNQIAPLIQHQRTHTGEKPYECSECGKSFSFRSSFSQHERTHTGEKPYECSECGKAFRQSIHLTQHLRIHTGEKPYQCGECGKAFSHSSSLTKHQRIHTGEKPYECHECGKAFTQITPLIQHQRTHTGEKPYECGECGKAFSQSTLLTEHRRIHTGEKPYGCNECGKTFSHSSSLSQHERTHTGEKPYECSQCGKAFRQSTHLTQHQRIHTGEKPYECNDCGKAFSHSSSLTKHQRIHTGEKPYECNQCGRAFSQLAPLIQHQRIHTGEKPYECNQCGRAFSQSSLLIEHQRIHTKEKPYGCNECGKSFSHSSSLSQHERTHTGEKPYECHDCGKSFRQSTHLTQHRRIHTGEKPYACRDCGKAFTHSSSLTKHQRTHTG,0
ZNF223,MTMSKEAVTFKDVAVVFTEEELGLLDLAQRKLYRDVMLENFRNLLSVGHQPFHRDTFHFLREEKFWMMDIATQREGNSGGKIQPEMKTFPEAGPHEGWSCQQIWEEIASDLTRPQDSTIKSSQFFEQGDAHSQVEEGLSIMHTGQKPSNCGKCKQSFSDMSIFDLPQQIRSAEKSHSCDECGKSFCYISALHIHQRVHLGEKLFKCDVCGKEFSQSLHLQTHQRVHTGEKPFKCEQCGRGFRCRSALTVHCKLHMGEKHYNCEACGRAFIHDFQLQKHQRIHTGEKPFKCEICSVSFRLRSSLNRHCVVHTGKKPNSTGEYGKGFIRRLDLCKHQTIHTGEKPYNCKECGKSFRRSSYLLIHQRVHTGEKPYKCDKCGKSYITKSGLDLHHRAHTGERPYNCDDCGKSFRQASSILNHKRLHCRKKPFKCEDCGKKLVYRSYRKDQQKNHSGENPSKCEDCGKRYKRRLNLDIILSLFLNDT,0
ZNF253,MGPLQFRDVAIEFSLEEWHCLDTAQRNLYRDVMLENYRNLVFLGIVVSKPDLVTCLEQGKKPLTMERHEMIAKPPVMSSHFAQDLWPENIQNSFQIGMLRRYEECRHDNLQLKKGCKSVGEHKVHKGGYNGLNQCLTTTQKEIFQCDKYGKVFHKFSNSNTYKTRHTGINLFKCIICGKAFKRSSTLTTHKKIHTGEKPYRCEECGKAFNQSANLTTHKRIHTGEKPYRCEECGKAFKQSSNLTTHKKIHTGEKPYKCEECGKAFNRSTDLTTHKIVHTGEKPYKCEECGKAFKHPSHVTTHKKIHTRGKPYNCEECGKSFKHCSNLTIHKRIHTGEKPYKCEECGKAFHLSSHLTTHKILHTGEKPYRCRECGKAFNHSTTLFSHEKIHTGEKPYKCDECGKTFTWPSILSKHKRTHTGEKPYKCEECGKSFTASSTLTTHKRIHTGEKPYKCEECGKAFNWSSDLNKHKKIHIERKPYIVKNVTDLLNVPPLLISIR,0
ZNF853,MLHQPTPGNRGLTARMEVGPATETFVLELQCLEDGGPGPDTLSGGSGGSESQEEEEPQERNSSPQRPAVSAPVGASEIAEETRPGQRELQLQQLEQQPEPQQQPQHEQLQQPQPHLELQQQPQQDGQQQLSQLQQEKHQSVHHQELKPELQLMHQQQQLQPQQVQEQQRLQQQQEQLQTQQAQEQQVLQQQEQLQQQVQEQQLLQQQQEQLQQQQLLQQQEQLQQQQFQQQQEQLQQQQQLLLLQQQGQLQQQLLQQQQAQLQQQLLEQQQAQLQQQLLLQQQEQLQQQQQQQLLQQQQEQLQQQQLQPPPLEPEEEEEVELELMPVDLGSEQELEQQRQELERQQELERQQEQRQLQLKLQEELQQLEQQLEQQQQQLEQQEVQLELTPVELGAQQQEVQLELTPVQPELQLELVPAAGGGGAAVPGAPAAVVVAPPGYVVVQELMVLPAVAAPAVVAIPGPAGSAALTPARQRRRRRARDRPTICGECGKGFSRSTDLVRHQATHTGERPHRCGECGKGFSQHSNLVTHQRIHTGEKPYACSYCAKRFSESSALVQHQRTHTGERPYACGDCGKRFSVSSNLLRHRRTHSGERPYVCEDCGERFRHKVQIRRHERQLHGAGRSRGLGLLRASRPAALGGPARAEQAATATAPADKAL,0
ZNF883,MESEKIYMTANPYLCTECGKGYTCLASLTQHQKTHIGEKPYECKICGKSFTRNSNLVQHQRIHTGEKPYECNECGKAFSQSTNLIQHQRVHTGEKPYECNECEKTFSHRSSLRNHERIHTGEKPYPCNECGKAFSHISALTQHHRIHTGKKPYECTECGKTFSRSTHLIEHQGIHSEEKSYQCKQCRKVFCHSTSLIRHQRTHTGEKPYECNECGKAFSHTPAFIQHQRIHTGEKPYECNACGKAFNRSAHLTEHQRTHTGEKPYVCKECGKTFSRSTHLTEHLKIHSCVKPYQCNECQKLFCYRTSLIRHQRTHTGEKPYQCNECGKSFSLSSALTKHKRIHTRERPYQCTKCGDVFCHSTSLIRHQKTHFRKETLAE,0
